Released	Program Name	Program Revision	Approximate Date	Predecessor Name	Predecessor Revision	Known PCRs/PCNs/Software Anomaly Reports Incorporated Relative to Predecessor	References	Notes
	LUMINARY	0	1968-04-01	SUNDANCE	282	TBD	Missing LUMINARY Memo #20	
	LUMINARY	1-3	1968-04-08	LUMINARY	0	TBD	Missing LUMINARY Memo #21	
	LUMINARY	4	1968-04-15	LUMINARY	3	TBD (10)	LUMINARY Memo #22	
	LUMINARY	5	1968-04-15	LUMINARY	4	PCR-39, PCR-96, PCN-144.2, TBD (17)	LUMINARY Memo #22	
	LUMINARY	6	1968-04-15	LUMINARY	5	TBD (8)	LUMINARY Memo #22	
	LUMINARY	7	1968-04-22	LUMINARY	6	(none)	LUMINARY Memo #23	
	LUMINARY	8	1968-04-22	LUMINARY	7	TBD (20)	LUMINARY Memo #23	
	LUMINARY	9	1968-04-30	LUMINARY	8	TBD (4)	LUMINARY Memo #25	
	LUMINARY	10	1968-04-30	LUMINARY	9	TBD (12)	LUMINARY Memo #25	
	LUMINARY	11	1968-04-30	LUMINARY	10	(none)	LUMINARY Memo #25	
	LUMINARY	12	1968-05-14	LUMINARY	11	TBD (25)	LUMINARY Memo #28	
	LUMINARY	13	1968-05-14	LUMINARY	12	TBD (26)	LUMINARY Memo #28	
	LUMINARY	14	1968-05-14	LUMINARY	13	TBD (5)	LUMINARY Memo #28	
	LUMINARY	15	1968-05-14	LUMINARY	14	(none)	LUMINARY Memo #28	
	LUMINARY	16	1968-05-14	LUMINARY	15	TBD (4)	LUMINARY Memo #28	
	LUMINARY	17	1968-06-04	LUMINARY	16	TBD (38)	LUMINARY Memo #29	
	LUMINARY	18	1968-06-04	LUMINARY	17	TBD (30)	LUMINARY Memo #29	
	LUMINARY	19	1968-06-12	LUMINARY	18	(no changes)	LUMINARY Memo #31	
	LUMINARY	20	1968-06-12	LUMINARY	19	PCR-130, PCR-133, TBD (27)	LUMINARY Memo #31	
	LUMINARY	21	1968-06-12	LUMINARY	20	PCR-70, PCR-133, TBD (16)	LUMINARY Memo #31	
	LUMINARY	22	1968-06-12	LUMINARY	21	TBD (2)	LUMINARY Memo #31	
	LUMINARY	23	1968-06-12	LUMINARY	22	TBD (3)	LUMINARY Memo #31	
	LUMINARY	24	1968-06-12	LUMINARY	23	TBD (10)	LUMINARY Memo #31	
	LUMINARY	25	1968-06-12	LUMINARY	24	TBD (5)	LUMINARY Memo #31	
	LUMINARY	26	1968-06-12	LUMINARY	25	TBD (12)	LUMINARY Memo #31	
	LUMINARY	27	1968-07-15	LUMINARY	26	Y-43, Y-50, TBD (2)	LUMINARY Memo #34	
	LUMINARY	28	1968-07-15	LUMINARY	27	Y-47, TBD (1)	LUMINARY Memo #34	
	LUMINARY	29	1968-07-15	LUMINARY	28	PCN-466, Y-5, Y-19, Y-29, Y-39, Y-44, TBD (9)	LUMINARY Memo #34	
	LUMINARY	30	1968-07-15	LUMINARY	29	PCR-137, TBD (5)	LUMINARY Memo #34	
	LUMINARY	31	1968-07-15	LUMINARY	30	PCR-164.3, PCR-419, PCR-420.2, PCR-470, PCR-472, Y-34, Y-35, Y-48, Y-63, TBD (11)	LUMINARY Memo #34	
	LUMINARY	32	1968-07-15	LUMINARY	31	PCR-472, TBD (4)	LUMINARY Memo #34	
	LUMINARY	33	1968-07-15	LUMINARY	32	PCR-134.2, PCR-468, PCR-472, PCR-478, Y-65, TBD (9)	LUMINARY Memo #34	
	LUMINARY	34	1968-07-15	LUMINARY	33	PCR-134.2, PCR-173.3, PCR-210, PCR-214, PCR-419, Y-17, Y-18, Y-19, Y-23, Y-30, Y-31, Y-32, Y-36, Y-49, TBD (16)	LUMINARY Memo #34	
	LUMINARY	35-38	1968-08-05	LUMINARY	34	TBD	Missing LUMINARY Memo #37	
	LUMINARY	39	1968-09-05	LUMINARY	38	PCR-216, PCR-229, TBD (7)	LUMINARY Memo #40	
	LUMINARY	40	1968-09-05	LUMINARY	39	PCR-471, PCR-486, Y-60, Y-67, Y-69, TBD (7)	LUMINARY Memo #40	
	LUMINARY	41	1968-09-05	LUMINARY	40	(none)	LUMINARY Memo #40	
	LUMINARY	42	1968-09-05	LUMINARY	41	PCR-489, PCR-536, LNY-14, TBD (11)	LUMINARY Memo #40	
	LUMINARY	43	1968-09-05	LUMINARY	42	PCR-99.2, LNY-8, TBD (9)	LUMINARY Memo #40	
	LUMINARY	44	1968-11-01	LUMINARY	43	PCR-507.2, PCR-531.2, LNY-16, TBD (13)	LUMINARY Memo #49	
	LUMINARY	45	1968-11-01	LUMINARY	44	(none)	LUMINARY Memo #49	
	LUMINARY	46	1968-11-01	LUMINARY	45	(none)	LUMINARY Memo #49	
	LUMINARY	47	1968-11-01	LUMINARY	46	TBD (20)	LUMINARY Memo #49	
	LUMINARY	48	1968-11-02	LUMINARY	47	(none)	LUMINARY Memo #50	
	LUMINARY	49	1968-11-02	LUMINARY	48	PCR-246, TBD (14)	LUMINARY Memo #50	
	LUMINARY	50	1968-11-02	LUMINARY	49	PCR-246, PCR-541, PCR-542, Y-45, TBD (15)	LUMINARY Memo #50	
	LUMINARY	51	1968-11-02	LUMINARY	50	TBD (18)	LUMINARY Memo #51	
	LUMINARY	52	1968-11-02	LUMINARY	51	LNY-17, TBD	LUMINARY Memo #51	
	LUMINARY	53	1968-11-02	LUMINARY	52	PCR-244, PCR-248, PCR-253, PCR-539, PCR-593.2, TBD (14)	LUMINARY Memo #51	
	LUMINARY	54	1968-11-03	LUMINARY	53	(none)	LUMINARY Memo #52	
	LUMINARY	55	1968-11-03	LUMINARY	54	(none)	LUMINARY Memo #52	
	LUMINARY	56	1968-11-03	LUMINARY	55	PCR-140, PCR-539, PCR-551, PCR-568, PCR-612.2, TBD (13)	LUMINARY Memo #52	
	LUMINARY	57	1968-11-03	LUMINARY	56	(none)	LUMINARY Memo #52	
	LUMINARY	58	1968-11-03	LUMINARY	57	PCR-140, PCR-551, PCR-568, PCR-587.2, TBD (6)	LUMINARY Memo #52	
	LUMINARY	59	1968-11-03	LUMINARY	58	(none)	LUMINARY Memo #52	
	LUMINARY	60	1968-11-03	LUMINARY	59	PCR-561, PCR-576.2, PCR-589, PCR-604, PCR-608, PCR-609, PCR-613, PCR-614, PCR-615, PCR-617, TBD (14)	LUMINARY Memo #52	
	LUMINARY	61	1968-12-03	LUMINARY	60	PCR-233, PCR-254.2, PCR-618, PCR-622, PCR-623, PCR-627.2, PCR-630, PCR-631, Y-72, Y-74, TBD (17)	LUMINARY Memo #55	
	LUMINARY	62	1968-12-17	LUMINARY	61	PCR-616, STG-42, TBD (5)	LUMINARY Memo #58	
	LUMINARY	63	1968-12-17	LUMINARY	62	PCR-258, PCR-623, PCR-632, PCR-634, PCR-635, PCN-652, Y-89, TBD (11)	LUMINARY Memo #58	
	LUMINARY	64	1968-12-17	LUMINARY	63	PCR-640, LNY-6, LNY-9, TBD (4)	LUMINARY Memo #58	
	LUMINARY	65	1969-01-14	LUMINARY	64	(none)	LUMINARY Memo #61	
	LUMINARY	66	1969-01-14	LUMINARY	65	PCR-265, TBD (4)	LUMINARY Memo #61	
	LUMINARY	67	1969-01-14	LUMINARY	66	PCR-259, PCR-640, TBD (6)	LUMINARY Memo #61	
	LUMINARY	68	1969-01-14	LUMINARY	67	PCR-264, PCR-639, PCR-640, TBD (6)	LUMINARY Memo #61	
r10p1l	LUMINARY	69	1969-01-14	LUMINARY	68	PCR 229, TBD (3)	LUMINARY Memo #61	
	LUM69	1	1969-04-01	LUMINARY	69	PCR-761.1	LUMINARY Memo #75	
r10	LUM69	2	1969-04-01	LUM69	1	PCR-761.1	LUMINARY Memo #75	LUM69 rev 2 was the Lunar Module AGC software flown on Apollo 10.
	LUMINARY	70	1969-02-17	LUMINARY	69	(none)	LUMINARY Memo #67	
	LUMINARY	71	1969-02-17	LUMINARY	70	PCR-259, PCR-659.2, PCR-698, PCR-699, LNY-21, LNY-23, LNY-24, LNY-25, LNY-27, LNY-30, TBD (1)	LUMINARY Memo #67	
	LUMINARY	72	1969-02-17	LUMINARY	71	PCR-260, PCR-670, PCR-700, PCR-721, LNY-20, TBD (1)	LUMINARY Memo #67	
	LUMINARY	73	1969-02-17	LUMINARY	72	PCR-717	LUMINARY Memo #67	
	LUMINARY	74	1969-02-17	LUMINARY	73	PCR-270, PCR-648, PCR-659.2, PCR-670, PCR-697, PCR-708, PCR-709, LNY-26, LNY-28, LNY-33, LNY-34, LNY-36, TBD (1)	LUMINARY Memo #67	
	LUMINARY	75	1969-02-17	LUMINARY	74	(none)	LUMINARY Memo #67	
	LUMINARY	76	1969-02-17	LUMINARY	75	PCR-654, PCR-670, PCR-688, PCR-696, PCR-731, LNY-24	LUMINARY Memo #67	
	LUMINARY	77	1969-02-17	LUMINARY	76	TBD (1)	LUMINARY Memo #67	
	LUMINARY	78	1969-02-17	LUMINARY	77	(none)	LUMINARY Memo #67	
	LUMINARY	79	1969-02-17	LUMINARY	78	PCR-648, PCR-695, PCR-701, PCR-719, PCR-720	LUMINARY Memo #67	
	LUMINARY	80	1969-03-26	LUMINARY	79	PCR-649, PCR-700, PCR-719, PCR-722	LUMINARY Memo #73	
	LUMINARY	81	1969-03-26	LUMINARY	80	PCR-642, PCR-646, PCR-716, PCR-718, PCR-722, PCR-737, LNY-37, LNY-39, ACB-2, TBD (2)	LUMINARY Memo #73	
	LUMINARY	82	1969-03-26	LUMINARY	81	PCR-268.2, PCR-642, PCR-710, PCR-715	LUMINARY Memo #73	
	LUMINARY	83	1969-03-26	LUMINARY	82	TBD (1)	LUMINARY Memo #73	
	LUMINARY	84	1969-03-26	LUMINARY	83	PCR-267, PCR-647, PCR-723, PCR-736, ACB-1	LUMINARY Memo #73	
	LUMINARY	85	1969-03-26	LUMINARY	84	(none)	LUMINARY Memo #73	
	LUMINARY	86	1969-03-26	LUMINARY	85	(none)	LUMINARY Memo #73	
	LUMINARY	87	1969-03-26	LUMINARY	86	PCR-271, PCR-707.2, ACB-3	LUMINARY Memo #73	
	LUMINARY	88	1969-03-26	LUMINARY	87	PCR-647, PCR-732, PCR-736, PCR-738, PCR-744, PCR-751, LNY-41, LNY-42, LNY-43, ACB-4	LUMINARY Memo #73	
	LUMINARY	89	1969-03-26	LUMINARY	88	PCR-731,PCR-740, LNY-46, ACB-5, ACB-6, TBD (1)	LUMINARY Memo #73	
	LUMINARY	90	1969-03-26	LUMINARY	89	PCR-716, PCR-754, LNY-47, LNY-48, LNY-49, LNY-50	LUMINARY Memo #73	
	LUMINARY	91	1969-03-26	LUMINARY	90	PCN-755	LUMINARY Memo #73	
	LUMINARY	92	1969-03-26	LUMINARY	91	PCN-758, PCR-751, PCR-756, PCR-757, LNY-53, TBD (1)	LUMINARY Memo #73, LUMINARY Memo #78	
	LUMINARY	93	1969-04-10	LUMINARY	92	TBD (3)	LUMINARY Memo #78	
	LUMINARY	94	1969-04-10	LUMINARY	93	TBD (1)	LUMINARY Memo #78	
	LUMINARY	95	1969-04-10	LUMINARY	94	PCN-758, PCN-761.1, LNY-56, TBD (1)	LUMINARY Memo #78	
r11p1l	LUMINARY	96	1969-04-10	LUMINARY	95	PCN-762	LUMINARY Memo #78	
r11p2l	LUMINARY	97	1969-04-20	LUMINARY	96	TBD	No information available	
	LUMINARY	98	1969-05-19	LUMINARY	97	LNY-65, TBD (1)	LUMINARY Memo #83	
r11p3l	LUMINARY	99	1969-05-21	LUMINARY	98	LNY-70, PCR-775	LUMINARY Memo #85	
r11	LMY99	1	1969-06-17	LUMINARY	99	TBD	No information available	LMY99 rev 1 was the Lunar Module AGC software flown on Apollo 11.
	LUMINARY	100	1969-07-07	LUMINARY	99	PCR-773.2, PCR-776.2, PCR-779, PCR-830, LNY-58, LNY-61, LNY-62, LNY-63, LNY-64, LNY-65, LNY-66, LNY-67, LNY-71, LNY-72, LNY-73, LNY-74	LUMINARY Memo #91	
	LUMINARY	101	1969-07-07	LUMINARY	100	PCR-823, LNY-69, TBD (2)	LUMINARY Memo #91	
	LUMINARY	102	1969-07-07	LUMINARY	101	PCR-277, PCR-791.2, PCR-797.2, PCR-798.2, PCR-802.2, PCR-805, PCR-807.2, PCR-827, L-1, L-2, LNY-76, LNY-77, TBD (2)	LUMINARY Memo #91	
	LUMINARY	103	1969-07-07	LUMINARY	102	PCR-279	LUMINARY Memo #91	
	LUMINARY	104	1969-07-07	LUMINARY	103	PCR-802.2, PCR-814	LUMINARY Memo #91	
	LUMINARY	105	1969-07-07	LUMINARY	104	(none)	LUMINARY Memo #91	
	LUMINARY	106	1969-07-10	LUMINARY	105	PCR-780, PCR-781.2, PCR-812.2, PCR-818, PCR-825.2, PCR-826.2, PCR-831.2, LNY-68, LNY-87	LUMINARY Memo #92	
	LUMINARY	107	1969-07-14	LUMINARY	106	TBD (6), PCR-820, PCR-817, PCR-780	LUMINARY Memo #94	
	LUMINARY	108	1969-08-06	LUMINARY	107	PCR-797.2, PCR-816, PCR-839	LUMINARY Memo #103	
	LUMINARY	109	1969-08-06	LUMINARY	108	LNY-89, LNY-90, LNY-81, ACB-43, ACB-44, PCR-847, PCR-832.2, PCR-848	LUMINARY Memo #103	
	LUMINARY	110	1969-08-06	LUMINARY	109	(none)	LUMINARY Memo #103	
	LUMINARY	111	1969-08-06	LUMINARY	110	PCR-841	LUMINARY Memo #103	
	LUMINARY	112	1969-08-06	LUMINARY	111	PCR-854, LNY-91, PCR-853, L-3, PCR-842	LUMINARY Memo #103	
	LUMINARY	113	1969-08-06	LUMINARY	112	PCR-855, PCR-284	LUMINARY Memo #103	
	LUMINARY	114	1969-08-20	LUMINARY	113	TBD (1), PCR-856	LUMINARY Memo #107	
	LUMINARY	115	1969-08-20	LUMINARY	114	TBD (1), PCR-854	LUMINARY Memo #107	
R	LUMINARY	116	1969-08-20	LUMINARY	115	PCR-839	LUMINARY Memo #107	LUMINARY 116 was the Lunar Module AGC software flown on Apollo 12.
	LUMINARY	117	1969-11-06	LUMINARY	116	L-1B-02	LUMINARY Memo #122	
	LUMINARY	118	1969-11-06	LUMINARY	117	L-1B-01	LUMINARY Memo #122	
	LUMINARY	119-120	1969-11-06	LUMINARY	118	L-1B-02, L-1B-01, TBD (1), L-1B-04, LNY-92, PCR-882, PCR-936.2, PCR-863.2, L-5, L-1B-03	LUMINARY Memo #122	
	LUMINARY	121-129	1969-11-11	LUMINARY	120	PCR-285, PCR-943, PCR-893, PCR-895, PCR-968, PCR-806.2, PCR-971, PCR-846, PCR-972, L-1B-05, L-1B-09, L-1B-10, LNY-75, L-7, L-9	LUMINARY Memo #124	
R	LUMINARY	130	1969-11-11	LUMINARY	129	PCR-285, PCR-943, PCR-893, PCR-895, PCR-968, PCR-806.2, PCR-971, PCR-846, PCR-972, L-1B-05, L-1B-09, L-1B-10, LNY-75, L-7, L-9	LUMINARY Memo #124	
R	LUMINARY	131	1969-12-03	LUMINARY	130	PCR-893	LUMINARY Memo #127, LUMINARY Memo #129	
	LUMINARY	132-135	1970-01-02	LUMINARY	131	PCR-892, PCR-821.2, PCR-942, PCR-897, PCR-945, PCR-286, PCR-899, PCR-944, L-7, PCR-874.2, L-1C-03, L-1C-01, L-11, L-12	LUMINARY Memo #131	
	LUMINARY	136-139	1970-01-19	LUMINARY	135	PCR-872.2, PCR-294, PCR-892, TBD (3), PCR-872.2, PCR-287, L-1B-11, L-14, PCR-986.2	LUMINARY Memo #134	
	LUMINARY	140-143	1970-01-29	LUMINARY	139	PCN-990, L-15, PCR-979, L-13, PCR-982, PCR-983, PCR-896, PCR-896, PCR-896 	LUMINARY Memo #136	
	LUM131	1-8	1970-01-30	LUMINARY	131	TBD	LUMINARY Memo #137	
R	LUM131	9	1970-01-30	LUM131	8	TBD	LUMINARY Memo #137	
	LUM131A	1-3	1970-02-01	LUM131	9	TBD	LUMINARY Memo #137	
R	LM131	1	1970-02-04	LUM131A	3	TBD	No information available	LM131 rev 1 was the Lunar Module AGC software flown on Apollo 13.
	LUMINARY	144	1970-03-18	LUMINARY	143	PCR-898, PCR-286, PCR-287, PCR-287, L-1B-11, PCR-982, PCR-991.2, PCR-988, PCR-1015	LUMINARY Memo #142	
	LUMINARY	145	1970-03-18	LUMINARY	144	PCR-898, PCR-286, PCR-287, PCR-287, L-1B-11, PCR-982, PCR-991.2, PCR-988, PCR-1015	LUMINARY Memo #142	
	LUMINARY	146-147	1970-03-18	LUMINARY	145	PCR-898, PCR-286, PCR-287, PCR-287, L-1B-11, PCR-982, PCR-991.2, PCR-988, PCR-1015	LUMINARY Memo #142	
	LUMINARY	148-151	1970-05-05	LUMINARY	147	PCR-1015, PCR-988, PCR-970.2, PCR-302.2, PCR-1013, L-17, PCR-896, PCR-256, L-18, L-16, L-10, PCR-298, PCR-296, PCR-996	LUMINARY Memo #145	
	LUMINARY	152-154	1970-05-15	LUMINARY	151	PCR-1021, PCR-996, PCR-991.2, PCR-991.2, PCR-996, PCR-1027, PCR-1022, L-20, PCR-1028, PCR-296, L-19, PCR-307, L-22, PCR-1209, PCR-896, PCR-942	LUMINARY Memo #150	
	LUMINARY	155-158	1970-05-19	LUMINARY	154	PCR-1027, PCR-307, L-7, PCR-1029, PCR-942, PCR-314, L-24, L-23, TBD (2), PCR-306, PCR-315.2, PCR-287, L-1C-06, L-1C-08	LUMINARY Memo #151	
	LUMINARY	159-162	1970-06-09	LUMINARY	158	PCR-310, PCR-942, PCR-307, PCR-1027, PCN-1036, PCR-996, L-1C-06, L-1C-03, L-25, PCN-1037, PCR-1021, PCR-896, TBD (1)	LUMINARY Memo #156	
R	LUMINARY	163	1970-06-09	LUMINARY	162	PCR-310, PCR-942, PCR-307, PCR-1027, PCN-1036, PCR-996, L-1C-06, L-1C-03, L-25, PCN-1037, PCR-1021, PCR-896, TBD (1)	LUMINARY Memo #156	
	LUMINARY	164-167	1970-06-10	LUMINARY	163	L-1C-01, TBD (3), PCR-1012, PCN-1048, PCR-988, L-20, PCN-1052, PCR-896, L-27	LUMINARY Memo #157	
	LUMINARY	168-172	1970-06-18	LUMINARY	167	L-20, PCR-988, PCR-896, PCR-1012, L-1C-01, PCN-1048, PCR-1052, L-27	LUMINARY Memo #158	
R	LUMINARY	173	1970-06-18	LUMINARY	172	L-20, PCR-988, PCR-896, PCR-1012, L-1C-01, PCN-1048, PCR-1052, L-27	LUMINARY Memo #158	
	LUMINARY	174-177	1970-09-17	LUMINARY	173	PCR-322, PCR-1056, PCR-1058	LUMINARY Memo #167 rev 1	
R	LUMINARY	178	1970-09-17	LUMINARY	177	PCR-322, PCR-1056, PCR-1058	LUMINARY Memo #167 rev 1	LUMINARY 178 was the Lunar Module AGC software flown on Apollo 14.
	LUMINARY	179	1970-10-11	LUMINARY	178	(none)	LUMINARY Memo #172	
	LUMINARY	180	1970-10-11	LUMINARY	179	(none)	LUMINARY Memo #172	
	LUMINARY	181	1970-10-12	LUMINARY	180	L-34	LUMINARY Memo #173	
	LUMINARY	182	1970-10-13	LUMINARY	181	PCR-324, PCR-340, PCR-896, L-28, L-31, L-32, L-35, L-36, L-1D-01, L-1D-04, L-1D-06, L-1D-12, TBD (1)	LUMINARY Memo #175	
	LUMINARY	183	1970-10-14	LUMINARY	182	PCR-317.2, PCR-324, L-1D-02, L-26	LUMINARY Memo #176	
	LUMINARY	184	1970-10-27	LUMINARY	183	PCR-317.2, L-26	LUMINARY Memo #179	
	LUMINARY	185	1970-10-27	LUMINARY	184	L-37, PCR-1066, PCR-338, PCR-324, TBD (2)	LUMINARY Memo #179	
	LUMINARY	186	1970-12-08	LUMINARY	185	PCR-1044, PCR-1082.2, PCR-335, PCR-339, L-40	LUMINARY Memo #182	
	LUMINARY	187	1970-12-09	LUMINARY	186	L-38, PCR-1044	LUMINARY Memo #183	
	LUMINARY	188	1970-12-15	LUMINARY	187	TBD (2)	LUMINARY Memo #184	
	LUMINARY	189	1970-12-15	LUMINARY	188	TBD (1)	LUMINARY Memo #184	
	LUMINARY	190	1970-12-15	LUMINARY	189	PCR-333, L-1D-14, L-29, L-30, PCR-343, PCR-339, PCR-1044, L-38, L-40, TBD (1)	LUMINARY Memo #184	
	LUMINARY	191	1970-12-17	LUMINARY	190	PCR-1088, PCR-336 rev 1, PCR-1097.2, PCR-1100, PCR-1117.2, PCR-341, PCR-324, PCR-333, L-34	LUMINARY Memo #185	
	LUMINARY	192	1970-12-18	LUMINARY	191	PCR-1091, PCR-1093, PCR-1079, PCR-1097.2	LUMINARY Memo #187	
	LUMINARY	193	1970-12-20	LUMINARY	192	PCR-334 rev 1, PCR-1124, L-1D-15, PCR-324, PCR-336, PCR-1091, L-1D-12	LUMINARY Memo #188	
	LUMINARY	194	1970-12-28	LUMINARY	193	PCR-347, PCR-324, PCR-1044, PCR-334 rev 1	LUMINARY Memo #189	
	LUMINARY	195	1970-12-29	LUMINARY	194	PCR-317.2, PCR-334 rev 1, PCR-347	LUMINARY Memo #190	
	LUMINARY	196	1971-01-05	LUMINARY	195	PCR-1127, PCR-1107, PCR-1109, PCR-1110, PCR-1122, PCR-1059, L-1D-10, PCR-348, PCR-1121, PCR-319, L-33, L-41, L-43, L-45, PCR-1044, TBD (1), PCR-1091, PCR-336, PCR-1124, PCR-317.2	LUMINARY Memo #192	
	LUMINARY	197	1971-01-08	LUMINARY	196	PCR-348, PCR-1127	LUMINARY Memo #193	
	LUMINARY	198	1971-01-08	LUMINARY	197	PCR-334 rev 1	LUMINARY Memo #193	
	LUMINARY	199	1971-01-08	LUMINARY	198	PCR-1122, PCN-1095, L-1D-07	LUMINARY Memo #193	
	LUMINARY	200	1971-01-11	LUMINARY	199	L-1D-17, L-1D-18, PCR-324, PCR-1044, L-46, L-1D-12	LUMINARY Memo #195	
	LUMINARY	201	1971-01-13	LUMINARY	200	PCR-1111, PCR-1134, L-47, L-1D-16, PCR-1044, PCR-334 rev 1	LUMINARY Memo #196	
	LUMINARY	202	1971-01-13	LUMINARY	201	TBD (1)	LUMINARY Memo #196	
	LUMINARY	203	1971-01-15	LUMINARY	202	PCR-1129, PCR-324, PCR-348, PCR-1117.2	LUMINARY Memo #197	
	LUMINARY	204	1971-02-16	LUMINARY	203	PCR-348, PCR-324, PCR-1127, PCR-1091, PCR-1122, PCR-1044, PCR-1134	LUMINARY Memo #202	
	LUMINARY	205	1971-02-24	LUMINARY	204	PCN-1133, L-1D-20, L-1D-19	LUMINARY Memo #204	
	LUMINARY	206-209	1971-02-26	LUMINARY	205	PCR-324, PCR-333, PCR-336 rev 1, PCR-1044, PCN-1059, PCR-1121, PCN-1141, L-1D-12, L-1D-21, L-1D-23, L-1D-25	LUMINARY Memo #205	
R	LUMINARY	210	1971-03-22	LUMINARY	209	TBD	No information available	LUMINARY 210 was the Lunar Module AGC software flown on Apollo 15, Apollo 16, and Apollo 17.
								
	ZERLINA	1	1970-03-20	LUMINARY	145	TBD	No information available	ZERLINA was a branch of Lunar Module AGC software used for developing engineering concepts such as the Variable Guidance Period.
	ZERLINA	2-30	1970-05-15	ZERLINA	1	TBD	No information available	
	ZERLINA	31	1970-07-17	ZERLINA	30	PCR-1024, PCR-1058, TBD	LUMINARY Memo #161	
	ZERLINA	32-49	1970-08-15	ZERLINA	31	TBD	No information available	
	ZERLINA	50	1970-09-16	ZERLINA	49	TBD	LUMINARY Memo #171	
	ZERLINA	51-55	1970-10-01	ZERLINA	50	TBD	No information available	
	ZERLINA	56	1970-10-22	ZERLINA	55	TBD	LUMINARY Memo #177	
								
								
	COLOSSUS	0	1967-06-01	SUNDISK	74	TBD	No information available	Early AGC programs had names that were typically related to the sun, and usually had the word "sun" explicitly in the name, as in SUNSPOT, SUNDIAL, SUNDISK, SUNDANCE, SUNBURST.  One wonders why name them after the sun rather than the moon?  NASA had a different concern, which was that nobody could remember which of these programs went in the CM and which in the LM.  So NASA requested that the CM program's name begin with "C" (as in COLOSSUS) and the LM program's name begin with "L" (as in LUMINARY).  After a few years, though, MIT/IL apparently forgot the rule and named the final CM program ARTEMIS.
	COLOSSUS	1-19	1967-07-01	COLOSSUS	0	TBD	No information available	
	COLOSSUS	20-39	1967-08-01	COLOSSUS	19	TBD	No information available	
	COLOSSUS	40-59	1967-09-01	COLOSSUS	39	TBD	No information available	
	COLOSSUS	60-79	1967-10-01	COLOSSUS	59	TBD	No information available	
	COLOSSUS	80-99	1967-11-01	COLOSSUS	79	TBD	No information available	
	COLOSSUS	100-119	1967-12-01	COLOSSUS	99	TBD	No information available	
	COLOSSUS	120-135	1968-01-01	COLOSSUS	119	TBD	No information available	
	COLOSSUS	136-138	1968-01-08	COLOSSUS	135	TBD	Missing COLOSSUS Memo #14	
	COLOSSUS	139-141	1968-01-14	COLOSSUS	138	TBD	Missing COLOSSUS Memo #16	
	COLOSSUS	142-144	1968-01-22	COLOSSUS	141	TBD	Missing COLOSSUS Memo #19	
	COLOSSUS	145-148	1968-01-29	COLOSSUS	144	TBD	Missing COLOSSUS Memo #24	
	COLOSSUS	149-152	1968-02-06	COLOSSUS	148	TBD	Missing COLOSSUS Memo #25	
	COLOSSUS	153-157	1968-02-12	COLOSSUS	152	TBD	Missing COLOSSUS Memo #27	
	COLOSSUS	158-163	1968-02-19	COLOSSUS	157	TBD	Missing COLOSSUS Memo #32	
	COLOSSUS	164-168	1968-02-26	COLOSSUS	163	TBD	Missing COLOSSUS Memo #35	
	COLOSSUS	169-172	1968-03-04	COLOSSUS	168	TBD	Missing COLOSSUS Memo #37	
	COLOSSUS	173-177	1968-03-11	COLOSSUS	172	TBD	Missing COLOSSUS Memo #40	
	COLOSSUS	178-182	1968-03-18	COLOSSUS	177	TBD	Missing COLOSSUS Memo #43	
	COLOSSUS	183-185	1968-03-26	COLOSSUS	182	TBD	Missing COLOSSUS Memo #45	
	COLOSSUS	186-188	1968-04-03	COLOSSUS	185	TBD	Missing COLOSSUS Memo #49	
	COLOSSUS	189-191	1968-04-09	COLOSSUS	188	TBD	Missing COLOSSUS Memo #50	
	COLOSSUS	192-194	1968-04-17	COLOSSUS	191	TBD	Missing COLOSSUS Memo #51	
	COLOSSUS	195	1968-04-20	COLOSSUS	194	TBD	No information available	
	COLOSSUS	196	1968-04-23	COLOSSUS	195	TBD	Missing COLOSSUS Memo #53	
	COLOSSUS	197-200	1968-05-02	COLOSSUS	196	PCN-98, PCN-108, PCN-115, PCR-151, PCR-157, PCR-169, TBD (32)	COLOSSUS Memo #56	
	COLOSSUS	201-202	1968-05-06	COLOSSUS	200	PCN-34, PCN-100, TBD (22)	COLOSSUS Memo #57	
	COLOSSUS	203-205	1968-05-14	COLOSSUS	202	PCR-50, PCN-100, PCR-155, TBD (26)	COLOSSUS Memo #60	
	COLOSSUS	206-208	1968-05-22	COLOSSUS	205	PCN-155, TBD (44)	COLOSSUS Memo #61	
	COLOSSUS	209-210	1968-06-03	COLOSSUS	208	PCR-103.1, PCR-123, PCR-130, PCN-159, TBD (31)	COLOSSUS Memo #62	
	COLOSSUS	211-212	1968-06-06	COLOSSUS	210	TBD	Missing COLOSSUS Memo #63	
	COLOSSUS	213-214	1968-06-14	COLOSSUS	212	TBD (22)	COLOSSUS Memo #64	
	COLOSSUS	215-216	1968-06-21	COLOSSUS	214	PCN-442, TBD (22)	COLOSSUS Memo #67	
	COLOSSUS	217	1968-06-26	COLOSSUS	216	PCN-467, TBD (18)	COLOSSUS Memo #68	
	COLOSSUS	218-219	1968-07-08	COLOSSUS	217	PCN-464, PCR-465, TBD (37)	COLOSSUS Memo #69	
	COLOSSUS	220	1968-07-10	COLOSSUS	219	PCR-209, PCR-439, PCN-468, TBD (14)	COLOSSUS Memo #70	
	COLOSSUS	221	1968-07-18	COLOSSUS	220	PCN-220, PCN-485, PCN-487, PCN-490, PCN-493, TBD (14)	COLOSSUS Memo #72	
	COLOSSUS	222	1968-07-23	COLOSSUS	221	TBD	No information available	
	COLOSSUS	223-224	1968-07-29	COLOSSUS	222	TBD	Missing COLOSSUS Memo #74	
	COLOSSUS	225-227	1968-08-02	COLOSSUS	224	TBD	Missing COLOSSUS Memo #75	
	COLOSSUS	228-230	1968-08-06	COLOSSUS	227	TBD	Missing COLOSSUS Memo #76	
	COLOSSUS	231-232	1968-08-13	COLOSSUS	230	TBD	Missing COLOSSUS Memo #78	
	COLOSSUS	233	1968-08-19	COLOSSUS	232	TBD	Missing COLOSSUS Memo #81	
r8p1c	COLOSSUS	234	1968-08-19	COLOSSUS	233	TBD	Missing COLOSSUS Memo #81	
	COLOSSUS	235	1968-08-19	COLOSSUS	234	TBD	Missing COLOSSUS Memo #81	
r8p2c	COLOSSUS	236	1968-08-19	COLOSSUS	235	TBD	Missing COLOSSUS Memo #81	
	COL236	1	1968-09-01	COLOSSUS	236	TBD	Missing COLOSSUS Memo #81	
	COL236	2	1968-09-05	COL236	1	TBD	Missing COLOSSUS Memo #81	
r8	COLOSSUS	237	1968-09-01	COLOSSUS	236	TBD	Missing COLOSSUS Memos #80 & #94	COLOSSUS 237 was the Command Module AGC software flown on Apollo 8.
	COLOSSUS	238	1968-09-25	COLOSSUS	237	TBD	Missing COLOSSUS Memo #90	
	COLOSSUS	239	1968-10-01	COLOSSUS	238	TBD	Missing COLOSSUS Memo #92	
	COLOSSUS	240	1968-10-10	COLOSSUS	239	TBD	Missing COLOSSUS Memo #95	
	COLOSSUS	241-242	1968-10-15	COLOSSUS	240	TBD	Missing COLOSSUS Memo #97	
	COLOSSUS	243-244	1968-10-23	COLOSSUS	242	TBD	Missing COLOSSUS Memo #98	
	COLOSSUS	245-248	1968-10-30	COLOSSUS	244	TBD	Missing COLOSSUS Memo #100	
r9	COLOSSUS	249	1968-10-30	COLOSSUS	248	TBD	Missing COLOSSUS Memo #100	COLOSSUS 249 was the Command Module AGC software flown on Apollo 9.
	COLOSSUS	250-252	1969-01-13	COLOSSUS	249	TBD	Missing COLOSSUS Memo #136	
	COLOSSUS	253-257	1969-02-03	COLOSSUS	252	TBD	Missing COLOSSUS Memo #150	
								
	COMANCHE	1-5	1968-11-01	COLOSSUS	249	TBD	Missing COLOSSUS Memo #99, COLOSSUS Memo #140 Rev. 2	
	COMANCHE	6-8	1968-11-15	COMANCHE	5	TBD	Missing COLOSSUS Memo #102	
	COMANCHE	9-10	1968-12-05	COMANCHE	8	TBD	Missing COLOSSUS Memo #116	
	COMANCHE	11-12	1968-12-09	COMANCHE	10	TBD	Missing COLOSSUS Memo #119	
	COMANCHE	13-17	1968-12-18	COMANCHE	12	TBD	Missing COLOSSUS Memo #128	
	COMANCHE	18-19	1968-12-23	COMANCHE	17	TBD	Missing COLOSSUS Memo #130	
	COMANCHE	20-22	1969-01-03	COMANCHE	19	TBD	Missing COLOSSUS Memo #131	
	COMANCHE	23-27	1969-01-13	COMANCHE	22	TBD	Missing COLOSSUS Memo #138	
	COMANCHE	28-30	1969-01-15	COMANCHE	27	TBD	Missing COLOSSUS Memo #141	
	COMANCHE	31-33	1969-01-21	COMANCHE	30	TBD	Missing COLOSSUS Memo #145	
	COMANCHE	34-36	1969-01-27	COMANCHE	33	TBD	Missing COLOSSUS Memo #146	
	COMANCHE	37-39	1969-02-03	COMANCHE	36	TBD	Missing COLOSSUS Memo #147	
	COMANCHE	40-41	1969-02-07	COMANCHE	39	TBD	Missing COLOSSUS Memo #152	
	COMANCHE	42-43	1969-03-03	COMANCHE	41	TBD	Missing COLOSSUS Memo #159	
r10p1c	COMANCHE	44	1969-03-03	COMANCHE	43	TBD	Missing COLOSSUS Memo #159	
r10p2c	COMANCHE	45	1969-03-03	COMANCHE	44	TBD	Missing COLOSSUS Memo #159	
	MANCHE45	1	1969-04-01	COMANCHE	45	TBD	Missing COLOSSUS Memo #184	
r10	MANCHE45	2	1969-04-02	MANCHE45	1	TBD	Missing COLOSSUS Memo #184	MANCHE45 rev 2 was the Command Module AGC software flown on Apollo 10.
	COMANCHE	46-47	1969-03-05	COMANCHE	45	TBD	Missing COLOSSUS Memo #160	
	COMANCHE	48	1969-03-07	COMANCHE	47	TBD	Missing COLOSSUS Memo #161	
	COMANCHE	49	1969-03-13	COMANCHE	48	TBD	Missing COLOSSUS Memo #162	
	COMANCHE	50	1969-03-20	COMANCHE	49	TBD	Missing COLOSSUS Memo #166	
r11p1c	COMANCHE	51	1969-03-20	COMANCHE	50	TBD	Missing COLOSSUS Memo #166	
	COMANCHE	52-54	1969-05-23	COMANCHE	51	TBD	Missing COLOSSUS Memo #184	
r11	COMANCHE	55	1969-05-23	COMANCHE	54	TBD	Missing COLOSSUS Memo #184	COMANCHE 55 was the Command Module AGC software flown on Apollo 11.
	COMANCHE	56-58	1969-06-06	COMANCHE	55	TBD	Missing COLOSSUS Memo #187	
	COMANCHE	59-60	1969-06-23	COMANCHE	58	TBD	Missing COLOSSUS Memo #190	
	COMANCHE	61-62	1969-06-26	COMANCHE	60	TBD	Missing COLOSSUS Memo #192	
	COMANCHE	63-66	1969-07-16	COMANCHE	62	TBD	Missing COLOSUSS Memo #195	
r12	COMANCHE	67	1969-07-16	COMANCHE	66	TBD	Missing COLOSUSS Memo #195	COMANCHE 67 was the Command Module AGC software flown on Apollo 12.
	COMANCHE	68-69	1969-09-30	COMANCHE	67	TBD	Missing COLOSSUS Memo #220	
	COMANCHE	70-71	1969-10-13	COMANCHE	69	TBD	Missing COLOSSUS Memo #223	
r13p1c	COMANCHE	72	1969-10-20	COMANCHE	71	TBD	Missing COLOSSUS Memo #224	
	MANCHE72	1	1969-12-23	COMANCHE	72	TBD	Mission COLOSSUS Memo #238	
	MANCHE72	2	1969-12-23	MANCHE72	1	TBD	Mission COLOSSUS Memo #238	
r13	MANCHE72	3	1969-12-23	MANCHE72	2	TBD	Mission COLOSSUS Memo #238	MANCHE72 rev 3 was the Command Module AGC software flown on Apollo 13.
	COMANCHE	73-75	1969-11-10	COMANCHE	72	PCR-821.1, PCR-822, PCR-857, PCR-867, PCR-872.1, PCR-916, PCR-917, PCR-921, PCR-974, COM-31, ART-37, ACB-101, TBD (1)	COLOSSUS Memo #230	
	COMANCHE	76-80	1969-12-15	COMANCHE	75	PCR-288, PCR-292, PCR-869, PCR-874.1, PCR-916, PCR-987, COM-32, ART-37, ACB-102, ACB-103, ACB-104, ACB-105, ACB-106, TBD (5)	COLOSSUS Memo #237	
	COMANCHE	81-83	1969-12-23	COMANCHE	80	PCR-290, PCR-292, PCR-295, PCR-821.1, PCR-857, PCR-869, PCR-916, PCR-956, PCR-986.1, ART-37, ACB-107	COLOSSUS Memo #239	
	COMANCHE	84-89	1970-02-02	COMANCHE	83	PCR-289, PCR-292, PCR-857, PCR-868, PCR-872.1, PCR-978, PCR-986.1, PCN-994, ACB-100, ACB-103, ART-37, TBD (6)	COLOSSUS Memo #243	
	COMANCHE	90-96	1970-02-26	COMANCHE	89	PCR-859, PCR-868, PCR-869, PCR-956, PCR-970.1, PCR-973, PCR-985, PCR-991.1, PCR-993, ACB-111, ACB-112, COM-33, TBD (1)	COLOSSUS Memo #252	
	COMANCHE	97-98	1970-03-10	COMANCHE	96	PCR-963, PCR-973, PCR-1020, ART-37, ACB-113, TBD (1)	COLOSSUS Memo #258	
	COMANCHE	99-101	1970-03-26	COMANCHE	98	PCR-869, PCR-956, PCR-973, PCR-869, PCR-991.1, PCR-995, COM-34, COM-35, COM-36, ACB-111	COLOSSUS Memo #264	
	COMANCHE	102-104	1970-04-27	COMANCHE	101	PCR-302.1, PCR-315.1, PCR-869, PCR-984, PCR-993, PCR-1034, A-4, COM-37, ACB-111, ACB-114,  ACB-115, TBD (2)	COLOSSUS Memo #266	
	COMANCHE	105-107	1970-06-03	COMANCHE	104	PCR-289, PCR-868, PCR-869, PCR-995,  PCN-1046, ACB-116, ACB-117, TBD (1)	COLOSSUS Memo #271	
r14	COMANCHE	108	1970-06-03	COMANCHE	107	PCR-289, PCR-868, PCR-869, PCR-995,  PCN-1046, ACB-116, ACB-117, TBD (1)	COLOSSUS Memo #271	COMANCHE 108 was the Command Module AGC software flown on Apollo 14.  The internal memo at MIT/IL announcing the release was titled "The Last of the Comanches".
								
								
	ARTEMIS	1	1969-08-07	COMANCHE	67	ACB-45, ACB-46	COLOSSUS Memo #205	
	ARTEMIS	2	1969-09-22	ARTEMIS	1	PCR-875, PCR-879, ACB-40, ACB-47, ACB-48, ACB-49, ACB-51, ACB-65, ACB-71, ACB-79	COLOSSUS Memo #215, COLOSSUS Memo #244	
	ARTEMIS	3-19	1970-02-10	ARTEMIS	2	PCR-877, PCR-878, PCR-880, PCR-891, PCR-910, PCR-938, PCR-946, PCR-947, PCR-948, PCR-1018, PCR-1019, A-1, ACB-41, ACB-50, ACB-52, ACB-54 through ACB-64,  ACB-66 through ACB-78, ACB-80 through ACB-89, ACB-92 through ACB-96, TBD (4)	COLOSSUS Memo #244	
	ARTEMIS	20-24	1970-02-18	ARTEMIS	19	PCR-806.1, PCR-863.1, PCR936.1, PCR-963, PCR-966, COM-21, COM-22, COM-24, COM-27, A-2, ACB-91, ACB-98	COLOSSUS Memo #250	
	ARTEMIS	25-28	1970-03-10	ARTEMIS	24	PCR-288, PCR-290, PCR-292, PCR-821.1, PCR-822, PCR-857, PCR-859, PCR-860, PCR-872.1, PCR-874.1, PCR-916, PCR-917, PCR-978, PCR-986.1, PCR-991.1, PCR-994, COM-32, COM-33, ACB-100, ACB-103, ACB-104, ACB-105, ACB-106, ACB-110, TBD (1)	COLOSSUS Memo #260	
	ARTEMIS	29-36	1970-04-28	ARTEMIS	28	PCR-289, PCR-295, PCR-867, PCR-869, PCR-868, PCR-921, PCR-970.1, PCR-985, PCR-987, PCR-991.1, PCR-995, PCR-1020, A-4, COM-37, ACB-111, TBD	COLOSSUS Memo #267 (missing p. 5)	
	ARTEMIS	37-40	1970-06-03	ARTEMIS	36	PCR-822, PCR-857, PCR-868, PCR-869, PCR-916, PCR-963, PCR-993, PCN-1046, ACB-47, ACB-116, ACB-117, TBD (5)	COLOSSUS Memo #272	
	R40ARTMS	1-7	1970-07-02	ARTEMIS	40	ART-2D-01, ART-2D-02, ART-2D-03, ART-2D-04, ART-2D-05, ART-2D-06, ART-2D-07, ART-2D-08, ART-2D-09, ACB-117	COLOSSUS Memo #276	
	ARTEMIS	41-45	1970-07-14	ARTEMIS	40	PCR-859, PCR-1051, PCR-1054, ART-2D-01, ART-2D-2, A-6, A-10, ACB-116, TBD (2)	COLOSSUS Memo #277	
	ARTEMIS	46-51	1970-07-21	ARTEMIS	45	PCN-994, PCR-1049, PCR-1050, PCR-1051, A-7, A-8, A-9, A-10, A-11, A-12, ART-2D-03, ART-2D-04, ART-2D-05, ART-2D-06, ART-2D-07, ART-2D-09, ART-2E-05, ACB-83, ACB-117, TBD (1)	COLOSSUS Memo #280	
	ARTEMIS	52	1970-09-15	ARTEMIS	51	PCR-1049, PCR-1051, COM-39, COM-41, ART-2E-04, ACB-10, TBD (1)	COLOSSUS Memo #286	
	ARTEMIS	53	1970-09-15	ARTEMIS	52	PCR-1049, PCR-1051, PCR-1060, PCR-1061, PCR-1062, PCR-1064, PCN-1077, COM-38, ART-2E-07, ART-2E-08, ART-2E-09, A-13, A-14, A-15, TBD (8)	COLOSSUS Memo #286	
	ARTEMIS	54	1970-09-15	ARTEMIS	53	PCR-318, PCR-984, PCR-1041, PCR-1049, PCR-1051, PCR-1063, PCR-1065, A-15, A-16, COM-42, COM-44, TBD (2)	COLOSSUS Memo #286	
	ARTEMIS	55	1970-09-15	ARTEMIS	54	PCR-317.1	COLOSSUS Memo #286	
	ARTEMIS	56	1970-09-15	ARTEMIS	55	PCR-325, PCR-326, PCR-327, PCR-328, PCR-1049, TBD (2)	COLOSSUS Memo #286	
	ARTEMIS	57	1970-09-15	ARTEMIS	56	PCR-985, PCR-1049, PCR-1050, PCR-1051, ART-2E-10	COLOSSUS Memo #286	
	ARTEMIS	58	1970-09-21	ARTEMIS	57	PCR-1049, PCN-1083, A-17, A-18, A-20, ART-2E-11, TBD (5)	COLOSSUS Memo #288	
	ARTEMIS	59	1970-10-08	ARTEMIS	58	PCR-1049, PCR-1078, PCN-1084, A-18, TBD (3)	COLOSSUS Memo #292	
	ARTEMIS	60	1970-10-08	ARTEMIS	59	PCR-320, PCR-868, PCR-1049, COM-46, TBD (1)	COLOSSUS Memo #292	
	ARTEMIS	61	1970-10-28	ARTEMIS	60	PCR-320, PCR-1049, PCR-1051, PCR-1062, PCR-1076, PCR-1082.1, PCR-1090, COM-47, TBD (3)	COLOSSUS Memo #296	
	ARTEMIS	62	1970-10-28	ARTEMIS	61	PCR-1049, PCR-1057, PCR-1086, COM-45, TBD (2)	COLOSSUS Memo #296	
	ARTEMIS	63	1970-11-30	ARTEMIS	62	A-22, ART-2E-13, TBD (2)	COLOSSUS Memo #301	
	ARTEMIS	64	1970-11-30	ARTEMIS	63	(none)	COLOSSUS Memo #301	
	ARTEMIS	65	1970-11-30	ARTEMIS	64	PCR-320, PCR-325, PCR-332, PCR-342, PCR-1049, PCR-1051, PCR-1097.1, PCR-1099, PCR-1117.1, PCR-1118, PCR-1123, PCR-1125, ART-2E-12, TBD (2)	COLOSSUS Memo #301	
	ARTEMIS	66	1970-11-30	ARTEMIS	65	(none)	COLOSSUS Memo #301	
	ARTEMIS	67	1970-11-30	ARTEMIS	66	PCR-1049, TBD (5)	COLOSSUS Memo #301	
	ARTEMIS	68	1971-01-07	ARTEMIS	67	ART-3-01, TBD (1)	COLOSSUS Memo #306	
	ARTEMIS	69	1971-01-07	ARTEMIS	68	ART-3-02	COLOSSUS Memo #306	
	ARTEMIS	70	1971-01-07	ARTEMIS	69	COM-51, ART-3-03	COLOSSUS Memo #306	
r17p1c	ARTEMIS	71	1971-02-01	ARTEMIS	70	TBD	No information available	
r17	ARTEMIS	72	1971-03-01	ARTEMIS	71	TBD	No information available	ARTEMIS 72 was the Command Module AGC software flown on Apollo 15, Apollo 16, and Apollo 17.
								
								
	AURORA	0	1965-10-01	RETREAD	44	TBD	R-700 vol 1 sect 10.1.3	
	AURORA	1-19	1965-11-01	AURORA	0	TBD	No information available	
	AURORA	20-39	1965-12-01	AURORA	19	TBD	No information available	
	AURORA	40-59	1966-01-01	AURORA	39	TBD	No information available	
	AURORA	60-84	1966-02-01	AURORA	59	TBD	No information available	
R	AURORA	85	1966-03-03	AURORA	84	TBD	No information available	AURORA 85 was the Lunar Module AGC software for the unmanned LTA-8 ground tests.
	AURORA	86-87	1966-05-01	AURORA	85	TBD	No information available	
R	AURORA	88	1966-07-15	AURORA	87	TBD	No information available	AURORA 88 was AGC software used for checkout of the Lunar Module G&N system.
								
								
	SUNBURST	0	1966-09-15	AURORA	88	TBD	19780015068 p. 36	
	SUNBURST	1-19	1966-10-15	SUNBURST	0	TBD	No information available	
	SUNBURST	20-36	1966-11-15	SUNBURST	19	TBD	No information available	
	SUNBURST	37	1966-12-13	SUNBURST	36	TBD	No information available	
	SHEPATIN	0	1966-12-14	SUNBURST	37	TBD	No information available	SHEPATIN was a branch of the software for investigating certain engineering concepts, but we're not sure exactly what those concepts were.  We know it had at least 6 revisions.  There were many of these side projects that we know little or nothing about, with names like MAMOUTH, LOCAVOID, NEWPRET, SDCDANCE, RADAR, LEADIN, COMPASS, and so on.
	SHEPATIN	1-6	1967-02-01	SHEPATIN	0	TBD	No information available	
	SUNBURST	38-74	1967-02-01	SUNBURST	37	TBD	No information available	
	SUNBURST	75-115	1967-03-15	SUNBURST	74	TBD	No information available	
	SUNBURST	116	1967-04-14	SUNBURST	115	TBD	No information available	
r	BURST116	0	1967-04-15	SUNBURST	116	TBD	No information available	
	SUNBURST	117-119	1967-07-15	SUNBURST	116	TBD	No information available	
r	SUNBURST	120	1967-10-15	SUNBURST	119	TBD	No information available	SUNBURST 120 was the Lunar Module AGC software flown in the unmanned Apollo 5 mission.
								
								
	SUNDANCE	0	1967-11-15	SUNBURST	120	TBD	19780015068 p. 36	
	SUNDANCE	1-24	1967-11-25	SUNDANCE	0	TBD	No information available	
	SUNDANCE	25-49	1967-12-05	SUNDANCE	24	TBD	No information available	
	SUNDANCE	50-74	1967-12-10	SUNDANCE	49	TBD	No information available	
	SUNDANCE	75-99	1967-12-17	SUNDANCE	74	TBD	No information available	
	SUNDANCE	100-124	1967-12-24	SUNDANCE	99	TBD	No information available	
	SUNDANCE	125-149	1968-01-01	SUNDANCE	124	TBD	No information available	
	SUNDANCE	150-174	1968-01-08	SUNDANCE	149	TBD	No information available	
	SUNDANCE	175-199	1968-01-14	SUNDANCE	174	TBD	No information available	
	SUNDANCE	200-224	1968-01-20	SUNDANCE	199	TBD	No information available	
	SUNDANCE	225-249	1968-01-28	SUNDANCE	224	TBD	No information available	
	SUNDANCE	250-281	1968-02-05	SUNDANCE	249	TBD	No information available	
	SUNDANCE	282	1968-02-15	SUNDANCE	281	TBD	Missing LUMINARY Memo #20	
	SUNDANCE	283-291	1968-03-15	SUNDANCE	282	TBD	No information available	
r	SUNDANCE	292	1968-04-01	SUNDANCE	291	TBD	No information available	
	SUNDANCE	293-301	1968-06-01	SUNDANCE	292	TBD	No information available	
r	SUNDANCE	302	1968-07-15	SUNDANCE	301	TBD	No information available	
	SUNDANCE	303-305	1968-09-01	SUNDANCE	302	TBD	No information available	
r	SUNDANCE	306	1968-10-15	SUNDANCE	305	TBD	No information available	SUNDANCE 306 was the Lunar Module AGC software flown in the Apollo 9 mission.
								
								
	SKYLARK	1	1970-02-15	ARTEMIS	19	TBD	No information available	
	SKYLARK	2-9	1970-06-01	SKYLARK	1	TBD	No information available	
	SKYLARK	10-19	1970-09-15	SKYLARK	9	TBD	No information available	
	SKYLARK	20-29	1971-02-01	SKYLARK	19	TBD	No information available	
	SKYLARK	30-39	1971-05-15	SKYLARK	29	TBD	No information available	
	SKYLARK	40-47	1971-08-15	SKYLARK	39	TBD	No information available	
r	SKYLARK	48	1971-11-11	SKYLARK	47	TBD	No information available	SKYLARK 48 was the Command Module AGC software flown in the Skylab 2, Skylab 3, Skylab 4, and ASTP missions.
								
								
	RETREAD	0	1965-04-01			TBD	No information available	RETREAD was the very first Block II AGC program, from which all other Block II AGC programs eventually evolved.
	RETREAD	1-19	1965-05-01	RETREAD	0	TBD	No information available	
	RETREAD	20-39	1965-06-01	RETREAD	19	TBD	No information available	
	RETREAD	40-43	1965-06-15	RETREAD	39	TBD	No information available	
r	RETREAD	44	1965-07-01	RETREAD	43	TBD	No information available	
	RETREAD	45-49	1965-10-01	RETREAD	44	TBD	No information available	
r	RETREAD	50	1965-12-01	RETREAD	49	TBD	No information available	
								
								
	SUNDIAL	A	1966-06-01	AURORA	85	TBD	No information available	
r	SUNDIAL	B	1966-06-16	SUNDIAL	A	TBD	No information available	
r	SUNDIAL	C	1966-06-24	SUNDIAL	B	TBD	No information available	
r	SUNDIAL	D	1967-03-01	SUNDIAL	C	TBD	No information available	
r	SUNDIAL	E	1967-03-13	SUNDIAL	D	TBD	No information available	SUNDIAL in general, and SUNDIAL E specifically, was AGC software used to check out Command Module G&N systems.  It was also the Command Module AGC software in the 4 manned but ground-based missions called 2TV-1.
								
								
	SUNDISK	0	1967-03-15	SUNDIAL	E	TBD	No information available	
	SUNDISK	1-24	1967-04-05	SUNDISK	0	TBD	No information available	
	SUNDISK	25-49	1967-04-25	SUNDISK	24	TBD	No information available	
	SUNDISK	50-74	1967-05-15	SUNDISK	49	TBD	No information available	
	SUNDISK	75-99	1967-06-05	SUNDISK	74	TBD	No information available	
	SUNDISK	100-124	1967-06-25	SUNDISK	99	TBD	No information available	
	SUNDISK	125-149	1967-07-15	SUNDISK	124	TBD	No information available	
	SUNDISK	150-174	1967-08-05	SUNDISK	149	TBD	No information available	
	SUNDISK	175-199	1967-08-25	SUNDISK	174	TBD	No information available	
	SUNDISK	200-224	1967-09-15	SUNDISK	199	TBD	No information available	
	SUNDISK	225-249	1967-10-10	SUNDISK	224	TBD	No information available	
	SUNDISK	250-266	1967-11-01	SUNDISK	249	TBD	No information available	
r	SUNDISK	267	1967-11-15	SUNDISK	266	TBD	No information available	
	SUNDISK	268-281	1968-01-01	SUNDISK	267	TBD	No information available	
r	SUNDISK	282	1968-02-15	SUNDISK	281	TBD	No information available	SUNDISK 282 was the Command Module AGC software flown in the Apollo 7 mission.
								
								
	ECLIPSE	0	1963-07-20			TBD	No information available	ECLIPSE is the earliest-known AGC program.  It was for a Block I AGC.  The program is named for the fact that it was developed partly during a major solar eclipse in 1963.  Fun fact:  That eclipse occurred on July 20, 1963.
r	ECLIPSE	A	1964-02-01	ECLIPSE	0	TBD	No information available	
r	ECLIPSE	B	1964-02-30	ECLIPSE	A	TBD	No information available	
								
								
	SUNRISE	0	1964-03-01	ECLIPSE	B	TBD	No information available	
	SUNRISE	1-16	1964-04-15	SUNRISE	0	TBD	No information available	
	SUNRISE	17-32	1964-06-01	SUNRISE	16	TBD	No information available	
r	SUNRISE	33	1964-07-15	SUNRISE	32	TBD	No information available	
	SUNRISE	34-37	1964-08-20	SUNRISE	33	TBD	No information available	
r	SUNRISE	38	1964-09-20	SUNRISE	37	TBD	No information available	
	SUNRISE	39-44	1964-10-20	SUNRISE	38	TBD	No information available	
r	SUNRISE	45	1964-11-28	SUNRISE	44	TBD	No information available	
	SUNRISE	46-68	1965-01-30	SUNRISE	45	TBD	No information available	
r	SUNRISE	69	1965-03-15	SUNRISE	68	TBD	No information available	
								
								
	CORONA	0	1965-04-01	SUNRISE	69	TBD	No information available	
	CORONA	1-49	1965-05-15	CORONA	0	TBD	No information available	
	CORONA	50-99	1965-07-01	CORONA	49	TBD	No information available	
	CORONA	100-149	1965-08-15	CORONA	99	TBD	No information available	
	CORONA	150-199	1965-10-01	CORONA	149	TBD	No information available	
	CORONA	200-249	1965-12-15	CORONA	199	TBD	No information available	
	CORONA	250-260	1966-01-01	CORONA	249	TBD	No information available	
r	CORONA	261	1966-01-15	CORONA	260	TBD	No information available	CORONA 261 was the Block I Command Module AGC software that flew in the unmanned AS-202 mission.
								
	SOLARIUM	0	1966-02-01	CORONA	261	TBD	No information available	
	SOLARIUM	1-19	1966-04-01	SOLARIUM	0	TBD	No information available	
	SOLARIUM	20-39	1966-06-01	SOLARIUM	19	TBD	No information available	
	SOLARIUM	40-53	1966-08-01	SOLARIUM	39	TBD	No information available	
	SOLARIUM	54	1966-09-01	SOLARIUM	53	TBD	No information available	
r	SOLARIUM	55	1966-10-07	SOLARIUM	54	TBD	No information available	SOLARIUM 55 was the Block I Command Module AGC software that flew in the unmanned Apollo 4 and Apollo 6 missions.
								
	SUNSPOT	0	1966-02-01	CORONA	261	TBD	No information available	
	SUNSPOT	1-49	1966-04-01	SUNSPOT	0	TBD	No information available	
	SUNSPOT	50-99	1966-06-01	SUNSPOT	49	TBD	No information available	
	SUNSPOT	100-149	1966-08-01	SUNSPOT	99	TBD	No information available	
	SUNSPOT	150-199	1966-10-01	SUNSPOT	149	TBD	No information available	
	SUNSPOT	200-246	1966-11-01	SUNSPOT	199	TBD	No information available	
r	SUNSPOT	247	1966-12-01	SUNSPOT	246	TBD	No information available	SUNSPOT was the Block I Command Module AGC software that would have flown in the Apollo 1 mission and its two immediate follow-ups, had the Apollo 1 fire not caused all of those missions to be cancelled.  The software, nevertheless, was complete and ready to fly at the time of the trajedy.  The records are incomplete, however, and we cannot be sure that 247 was the specific SUNSPOT revision intended for Apollo 1.  However, it is the highest revision that we are aware of that was tested for that purpose.
								
								
	AGS Flight Program	0	1967-02-01			TBD	No information available	
	AGS Flight Program	Baseline	1967-07-01	AGS Flight Program	0	TBD	No information available	
	AGS Flight Program	2	1967-12-01	AGS Flight Program	Baseline	TBD	No information available	AGS Flight Program 2 (FP2) was flown on the unmanned Apollo 5 mission.
	AGS Flight Program	3	1968-05-01	AGS Flight Program	2	TBD	No information available	AGS Flight Program 3 (FP3) was flown on the Apollo 9 mission.
	AGS Flight Program	4	1968-08-01	AGS Flight Program	3	TBD	No information available	
	AGS Flight Program	5	1968-11-01	AGS Flight Program	4	TBD	No information available	AGS Flight Program 5 (FP5) was flown on the Apollo 10 mission.
	AGS Flight Program	6	1969-02-14	AGS Flight Program	5	TBD	No information available	AGS Flight Program 6 (FP6) was flown on the Apollo 11 and Apollo 12 missions.
	AGS Flight Program	7	1970-01-01	AGS Flight Program	6	TBD	No information available	AGS Flight Program 7 (FP7) was flown on the Apollo 13 and Apollo 14 missions.
	AGS Flight Program	8	1971-04-28	AGS Flight Program	7	TBD	No information available	AGS Flight Program 8 (FP8) was flown on the Apollo 15, Apollo 16, and Apollo 17 missions.