Date Added (defaults to file timestamp if empty)	Document Date (mm/dd/yy, partials allowed)	Document ID Num/Org (comma-separated list)	Revision	Document Portion (volume, appendix, etc.)	Author Name/Org (command-separated list)	Mission/Version Applicability (comma-separated list; Apollo 5, AS-202)	Keywords (command-separated list; examples are video, preferred section titles, software revisions, etc.)	Absolute URL (comma-separated list, from most-desirable to least-desirable)	Title	From Collection or Archive	Digitized, Sponsored, or Transcribed	Disclaimer (if required by, for example, the contributing archive)	Notes (HTML which will be directly added as-is to the document entry on the document-library page.	Source-Code Transcription URL (if the document is a software listing)	Assembly Listing URL (from the modern assembler, if the document is a software listing)	Colorized, Syntax-Highlighted URL (from the modern assembler, if the document is a software listing)	Octal Core Dump (from memory modules, if document is a software listing)
11/1/2022	9/1/1984				Gene D. Carlow/IBM		software, PASS, papers	file:///media/STORAGE/home/rburkey/Desktop/sandroid.org/public_html/apollo/Shuttle/Architecture%20of%20the%20Space%20Shuttle%20Primary%20Avionics%20Software%20System%20Sept%201984.pdf	Architecture of the Space Shuttle Primary Avionics Software System								
11/1/2022	1/1/1988	182505/NASA		Chapter 4	James E. Tomayko/Wichita State University		software, hardware, DFS, papers	file:///media/STORAGE/home/rburkey/Desktop/sandroid.org/public_html/apollo/Shuttle/Computers%20in%20Spaceflight%20-%20Chapter%204.pdf	Computers in Spaceflight: The NASA Experience - Chapter 4: Computers in the Space Shuttle Avionics System								
11/1/2022	11/1/2005	USA003090/USA			Intermetrics Inc, United Space Alliance		HAL/S, dev tools	file:///home/rburkey/Desktop/sandroid.org/public_html/apollo/Shuttle/HAL_S-FC%20User's%20Manual%20Nov%202005.pdf	HAL/S-FC User's Manual				The intent of the manual is to provide the necessary information to compile and execute a HAL/S program. It is not, however, intended to serve as a guide to the HAL/S language.				
11/1/2022	7/3/1974	IR-86-1/Intermetrics, CR-140278/NASA			Carl T. Helmers/Intermetrics		HAL/S, testing, dev tools	file:///home/rburkey/Desktop/sandroid.org/public_html/apollo/Shuttle/19740025562.pdf	HAL/S-360 Compiler Test Activity Report	NTRS							
11/1/2022	10/22/1975	IR-162/Intermetrics, CR-144652/NASA			Fred H. Martin/Intermetrics		HAL/S, testing, dev tools	file:///home/rburkey/Desktop/sandroid.org/public_html/apollo/Shuttle/19760008708.pdf	On the Performance of the HAL/S-FC Compiler	NTRS							
11/1/2022	5/13/1976	IR-182-1/Intermetrics, CR-147797/NASA			Intermetrics Inc		HAL/S, dev tools	file:///home/rburkey/Desktop/sandroid.org/public_html/apollo/Shuttle/19760020796.pdf	HAL/S-FC & HAL/S-360 Compiler System Program Description	NTRS							
11/1/2022	2/4/1977	IR-60-5/Intermetrics, CR-134283/NASA			Intermetrics Inc		HAL/S, dev tools	file:///home/rburkey/Desktop/sandroid.org/public_html/apollo/Shuttle/HAL_S-360%20Compiler%20System%20Specification%204%20Feb%201977.pdf	HAL/S-360 Compiler System Specification				This document specifies the informational interfaces within the HAL/S-360 compiler, and between the compiler and the external environment. An overall description of the compiler, and the hardware and software compatibility requirements between compiler and environment are detailed in the HAL/S-360 Compiler Functional Specification				
11/1/2022	4/7/1974	IR-58-5/Intermetrics, CR-134284/NASA			Intermetrics Inc		HAL/S, JCL, dev tools	file:///home/rburkey/Desktop/sandroid.org/public_html/apollo/Shuttle/19740017615.pdf	HAL/S-360 User's Manual	NTRS							
11/1/2022	4/29/1974	IR-59-3/Intermetrics			Intermetrics Inc		HAL/S, dev tools	file:///media/STORAGE/home/rburkey/Desktop/sandroid.org/public_html/apollo/Shuttle/HAL_S%20Compiler%20Functional%20Specification.pdf	HAL/S-FC Compiler System Functional Specification				This document defines the functional requirements to be met by the HAL/S-FC compiler. It also defines the hardware and software compatibilities between the compiler system and the environment in which the compiler system operates.				
11/1/2022	7/24/1974	IR-59-4/Intermetrics, CR-134372/NASA			Intermetrics Inc		HAL/S, dev tools	file:///home/rburkey/Desktop/sandroid.org/public_html/apollo/Shuttle/19740021426.pdf	HAL/S-FC Compiler System Functional Specification				This document defines the functional requirements to be met by the HAL/S-FC compiler. It also defines the hardware and software compatibilities between the compiler system and the environment in which the compiler system operates.				
11/1/2022	3/1/1976	IR-95-5/Intermetrics, CR-147564/NASA			Intermetrics Inc		HAL/S, dev tools	file:///home/rburkey/Desktop/sandroid.org/public_html/apollo/Shuttle/19760015838.pdf	HAL/S-FC Compiler System Specification	NTRS							
11/1/2022	6/16/1976	IR-61-8/Intermetrics, CR-140279/NASA			Intermetrics Inc		HAL/S, dev tools	file:///home/rburkey/Desktop/sandroid.org/public_html/apollo/Shuttle/19750002029.pdf	HAL/S Language Specification	NTRS							
11/1/2022	9/1/1980	IR-542/Intermetrics, CR-160910/NASA			Intermetrics Inc		HAL/S, dev tools	file:///home/rburkey/Desktop/sandroid.org/public_html/apollo/Shuttle/19810008240.pdf	HAL/S Language Specification	NTRS							
11/1/2022	11/1/2005	USA003088/USA	32.0/17.0		Intermetrics Inc, United Space Alliance		HAL/S, dev tools	file:///home/rburkey/Desktop/sandroid.org/public_html/apollo/Shuttle/HAL_S%20Language%20Specification%20Nov%202005.pdf	HAL/S Language Specification								
11/1/2022	4/9/1974	IR-63-2/Intermetrics, CR-134285/NASA			Intermetrics Inc		HAL/S, dev tools	file:///home/rburkey/Desktop/sandroid.org/public_html/apollo/Shuttle/19740017617.pdf	HAL/S Programmer's Guide	NTRS							
11/1/2022	7/3/1974	IR-63-3/Intermetrics, CR-134371/NASA			Intermetrics Inc		HAL/S, dev tools	file:///home/rburkey/Desktop/sandroid.org/public_html/apollo/Shuttle/19740021423.pdf	HAL/S Programmer's Guide	NTRS							
11/1/2022	8/15/1974	IR-63-4/Intermetrics, CR-140389/NASA			Intermetrics Inc		HAL/S, dev tools	file:///home/rburkey/Desktop/sandroid.org/public_html/apollo/Shuttle/19750006407.pdf	HAL/S Programmer's Guide	NTRS							
11/1/2022	11/1/2005	USA003087/USA	32.0/17.0		Intermetrics Inc, United Space Alliance		HAL/S, coding, dev tools	file:///home/rburkey/Desktop/sandroid.org/public_html/apollo/Shuttle/HAL_S%20Programmers%20Guide%20Nov%202005.pdf	HAL/S Programmer's Guide				The HAL/S Programmer's Guide presents an informal description of HAL/S aimed primarily at those unfamiliar with the language.				
11/1/2022	9/1/1978		2nd Edition		Michael J. Ryer/Intermetrics		HAL/S, coding, dev tools	file:///home/rburkey/Desktop/sandroid.org/public_html/apollo/Shuttle/Programming%20in%20HAL_S%20Sept%201978.pdf	Programming in HAL/S				Intended as an introduction to programming in HAL/S.				
11/1/2022	7/12/1994	85-C67-001/FSD	Rev F		IBM Federal Services Division		AP-101S, GPC, hardware, software	file:///home/rburkey/Desktop/sandroid.org/public_html/apollo/Shuttle/Shuttle%20GPC%20Software%20Model%20AP-101S.pdf	Space Shuttle Model AP-101S Principles of Operation with Shuttle Instruction Set								
11/1/2022	8/1/1976				Glenn M. Minott/Rockwell, John B. Peller/Rockwell, Kenneth J. Cox/MSC		FCS, papers	file:///home/rburkey/Desktop/sandroid.org/public_html/apollo/Shuttle/Space%20Shuttle%20Digital%20Flight%20Control%20System.pdf	Space Shuttle Digital Flight Control System								
11/1/2022	10/14/1988	STS-81-0070A/Rockwell		Sections 1-3 only	Rockwell International		BFS, crew training	file:///home/rburkey/Desktop/sandroid.org/public_html/apollo/Shuttle/STS%2081-0070A%20-%20Backup%20Flight%20Software%20Users%20Guide%20Sections%201thru3-ocr.pdf	Space Shuttle Orbiter Backup Flight System User's Guide				The foldouts are poorly cropped.  Sections 4-10 and Appendices are entirely absent.  The table of contents is also partially missing.				
11/1/2022	12/15/1973	CR-138159/NASA			Intermetrics Inc.		HAL/S, GOAL, dev tools	file:///home/rburkey/Desktop/sandroid.org/public_html/apollo/Shuttle/The%20GOAL-to-HAL_S%20Translator%20Specification%2015%20Dec%201973.pdf	The GOAL-to-HAL/S Translator Specification				Ground Operations Aerospace Language, or GOAL, is a test-oriented higher order language developed by NASA's John F. Kennedy Space Center for use in the checkout and launch of the Space Shuttle.				
11/1/2022	12/15/2008	USA007587/USA	Rev A CPN 1		United Space Alliance		crew training, OI-33	file:///home/rburkey/Desktop/sandroid.org/public_html/apollo/Shuttle/Space%20Shuttle%20Crew%20Operations%20Manual.pdf	Shuttle Crew Operations Manual (SCOM, OI-33)								
11/1/2022	12/20/1990		OI-20		IBM Federal Services Division		PASS, OI-20	file:///home/rburkey/Desktop/sandroid.org/public_html/apollo/Shuttle/Space%20Shuttle%20PASS%20(Primary%20Avionics%20Software%20System)%20Users%20Guide.pdf	PASS User's Guide								
11/1/2022	4/14/2006	USA006083/USA	Rev B		United Space Alliance		crew training, OI-30	file:///home/rburkey/Desktop/sandroid.org/public_html/apollo/Shuttle/Crew%20Software%20Interface.pdf	Crew Software Interface								
11/1/2022	1/1/1989	SP-504/NASA			John F. Hanaway/Intermetrics, Robert W. Moorehead/NASA		FCS, papers	file:///home/rburkey/Desktop/sandroid.org/public_html/apollo/Shuttle/Space%20Shuttle%20Avionics%20System.pdf	Space Shuttle Avionics System								
11/1/2022	11/6/1973	TN-X-69541/NASA			NASA		GOAL, dev tools	file:///home/rburkey/Desktop/sandroid.org/public_html/apollo/Shuttle/Ground%20Operations%20Aerospace%20Language.pdf	Ground Operations Aerospace Language								
11/1/2022	7/28/1975	JSC-07896/NASA, 73-FM-47/MSC	Rev 2	Volume IV	NASA		Missions, requirements, studies	file:///home/rburkey/Desktop/sandroid.org/public_html/apollo/Shuttle/shuttle_baseline_reference_missions_vol4_mission_3b.pdf	Space Shuttle System Baseline Reference Missions - Volume IV - Mission 3B	Don Eyles	Mike Stewart		Mission reference type 3B, apparently never used is:  Launch, capture a satellite, and return to Vandenberg in a single orbit.				
11/1/2022	4/30/1975	MIL-STD-1553B/DOD			United States Department of Defense		GPC, FCS, support documents	file:///home/rburkey/Desktop/sandroid.org/public_html/apollo/Shuttle/MIL-STD-1553B.pdf	Military Standard - Aircraft Internal Time Division Command/Response Multiplex Data Bus								
11/1/2022	9/21/2018	MIL-STD-1553C/DOD			United States Department of Defense		GPC, FCS, support documents	file:///home/rburkey/Desktop/sandroid.org/public_html/apollo/Shuttle/MIL-STD-1553C.pdf	Department of Defense Interface Standard - Digital Time Division Command/Response Multiplex Data Bus								
11/1/2022	12/31/1979	CR-162814/NASA			James C. Browne/UT, Donald I. Good/UT, Anand R. Tripathi/UT, William D. Young/UT		HAL/S, dev tools	file:///home/rburkey/Desktop/sandroid.org/public_html/apollo/Shuttle/19800010474.pdf	Design of a Verifiable Subset for HAL/S	NTRS							
11/1/2022	12/8/1986	CR-186667/NASA			E. E. Prust/Douglas, L. W. Hinsdale/Douglas, R. W. Mielke/Douglas		BFS	file:///home/rburkey/Desktop/sandroid.org/public_html/apollo/Shuttle/19900001616.pdf	Independent Orbiter Assessment - Analysis of the Backup Flight System	NTRS							
11/1/2022	2/22/1988	CR-185566/NASA			E. E. Prust/Douglas, L. W. Hinsdale/Douglas, G. W. Knori/Douglas		BFS	file:///home/rburkey/Desktop/sandroid.org/public_html/apollo/Shuttle/19900001657.pdf	Independent Orbiter Assessment - Assessment of the Backup Flight System FMEA/CIL	NTRS							
																	
11/2/2022	8/24/2010				James K. Orr/USA		PASS, papers	file:///home/rburkey/Desktop/sandroid.org/public_html/apollo/Shuttle/Space%20Shuttle%20Primary%20Avionics%20Software%20System%20(PASS)%20Overview%2020100028293.pdf	Space Shuttle Program - Primary Avionics Software System (PASS) - Success Legacy - Major Accomplishments and Lessons Learned - Detail Historical Timeline Analysis				This is a slideshow presentation.				
11/2/2022	7/1/1996	KSC-LPS-033-03/NASA	Release S G2	Parts I and II	Lockheed Space Operations Company		GOAL, dev tools	file:///home/rburkey/Desktop/sandroid.org/public_html/apollo/Shuttle/KSC-LPS-033-03%20-%20Ground%20Operations%20Aerospace%20Language%20GOAL%20User%20Guide%20Part%20I%20and%20Part%20II.pdf	LPS CCMS Ground Operations Aerospace Language (GOAL) User Guide								
11/2/2022	3/26/2008	JSC-48017/MSC	Generic Rev K PCN-7		Reneé M. Ross/MSC		DPS, flight data	file:///home/rburkey/Desktop/sandroid.org/public_html/apollo/Shuttle/JSC-48017%20Rev%20K%20-%20Data%20Processing%20System%20Dictionary%2020040714.pdf	Data Processing System Dictionary (STS-124 and subsequent)								
11/2/2022	3/21/1984	JSC-12770/NASA		Volume 5	Kathleen Abotteen/MSC		DPS, crew training, flight data	file:///home/rburkey/Desktop/sandroid.org/public_html/apollo/Shuttle/JSC-12770%20-%20Shuttle%20Flight%20Operations%20Manual%20-%20Volume%205%20Data%20Processing%20Systems%2019840321.pdf	Shuttle Flight Operations Manual (SFOM) - Data Processing Systems								
11/2/2022	2/28/1977	CR-151244/NASA			IBM Federal Services Division		ALT, FCOS, requirements	file:///home/rburkey/Desktop/sandroid.org/public_html/apollo/Shuttle/19770075091_1977075091.pdf	Approach and Landing Test (ALT) System Software Design Specification				A lot of this document deals with FCOS.				
11/2/2022	8/14/1996	JSC-11174/MSC	Rev E	Volume I	Alan L. Simon/MSC		flight data, training	file:///home/rburkey/Desktop/sandroid.org/public_html/apollo/Shuttle/JSC-1117%20-%20Space_Shuttle_Systems_Handbook_Vol1.pdf	Space Shuttle Systems Handbook								
11/2/2022	8/14/1996	JSC-11174/MSC	Rev E	Volume II	Alan L. Simon/MSC		flight data, training	file:///home/rburkey/Desktop/sandroid.org/public_html/apollo/Shuttle/JSC-1117%20-%20Space_Shuttle_Systems_Handbook_Vol2.pdf	Space Shuttle Systems Handbook								
11/2/2022	8/14/1996	JSC-11174/MSC	Rev E	Volume III	Alan L. Simon/MSC		flight data, training	file:///home/rburkey/Desktop/sandroid.org/public_html/apollo/Shuttle/JSC-1117%20-%20Space_Shuttle_Systems_Handbook_Vol3.pdf	Space Shuttle Systems Handbook								
11/2/2022	10/22/2008	JSC-48001/MSC	Generic Rev O PCN-4		Lyndon B. Johnson Space Center		flight data, checklist, flight procedures	file:///home/rburkey/Desktop/sandroid.org/public_html/apollo/Shuttle/359893main_AESP_G_O_4_P&I.pdf	Ascent/Entry Systems Procedures (STS-126 and subsequent)								
11/2/2022	5/15/2009	JSC-48003/MSC	Generic Rev O PCN-1		Lyndon B. Johnson Space Center		flight data, checklist	file:///home/rburkey/Desktop/sandroid.org/public_html/apollo/Shuttle/366508main_APCL_G_O_1.pdf	Ascent Pocket Checklist (STS-127 and subsequent)								
11/2/2022	1/16/2009	JSC-48007/MSC	Generic Rev L PCN-8		Lyndon B. Johnson Space Center		flight data, checklist	file:///home/rburkey/Desktop/sandroid.org/public_html/apollo/Shuttle/359894main_C-DO_G_L_8_P&I.pdf	Contingency Deorbit Prep (STS-119 and subsequent)								
11/2/2022	3/2/2011	JSC-48015/MSC	Generic Rev Q PCN-5		Lyndon B. Johnson Space Center		flight data, checklist	file:///home/rburkey/Desktop/sandroid.org/public_html/apollo/Shuttle/492871main_D-O_G_Q_5.pdf	Deorbit Prep (STS-134 and subsequent)								
11/2/2022	2/21/2011	JSC-48019/MSC	Generic Rev H PCN-8		Lyndon B. Johnson Space Center		flight data, checklist	file:///home/rburkey/Desktop/sandroid.org/public_html/apollo/Shuttle/381558main_ENT_G_H_8.pdf	Entry Checklist (STS-134 and subsequent)								
11/2/2022	5/15/2009	JSC-48021/MSC	Generic Rev M PCN-11		Lyndon B. Johnson Space Center		flight data, checklist	file:///home/rburkey/Desktop/sandroid.org/public_html/apollo/Shuttle/366509main_EPCL_G_M_11.pdf	Entry Pocket Checklist (STS-127 and subsequent)								
11/2/2022	2/7/2011	JSC-48035/MSC	Generic Rev H PCN-10		Lyndon B. Johnson Space Center		flight data, checklist	file:///home/rburkey/Desktop/sandroid.org/public_html/apollo/Shuttle/492873main_ORB_OPS_G_M_10.pdf	Orbit Operations Checklist (STS-133 and subsequent)								
11/2/2022	5/15/2009	JSC-48033/MSC	Generic Rev M PCN-10		Lyndon B. Johnson Space Center		flight data, checklist	file:///home/rburkey/Desktop/sandroid.org/public_html/apollo/Shuttle/359853main_OPCL_G_M_10.pdf	Orbit Pocket Checklist (STS-127 and subsequent)								
11/2/2022	10/10/2006	USA006498/USA	Rev A		Thérèse Huning/USA		flight data, training, OI-30	file:///home/rburkey/Desktop/sandroid.org/public_html/apollo/Shuttle/383442main_controllers_workbook_21002.pdf	Controllers Workbook - CONT21002								
11/2/2022	3/7/2006	USA007263/USA	Rev B		Wes Penny/USA		flight data, FCS, training	file:///home/rburkey/Desktop/sandroid.org/public_html/apollo/Shuttle/383446main_fcs_effectors_workbook_21002.pdf	FCS/Effectors Workbook - FCS/EFF 21002								
11/2/2022	10/10/2006	USA007151/USA	Rev A		Henry Lampazzi/USA		flight data, training, OI-30	file:///home/rburkey/Desktop/sandroid.org/public_html/apollo/Shuttle/383447main_intact_ascent_aborts_workbook_21002.pdf	Intact Ascent Aborts Workbook - Workbook 21002								
11/2/2022	6/17/2004	JSC-26419/MSC	Rev B		Rob Tomaro/USA		flight data, training	file:///home/rburkey/Desktop/sandroid.org/public_html/apollo/Shuttle/383448main_jsc_26419.pdf	Location Coding Workbook - Loc Code 21002								
11/2/2022	6/30/2006	USA006055/USA	Rev B		Kelsey Berumen/USA		flight data, training, OI-30	file:///home/rburkey/Desktop/sandroid.org/public_html/apollo/Shuttle/383450main_navigation_aids_workbook%2021002.pdf	Navigation Aids Workbook - NAVAIDS 21002								
11/2/2022	4/15/1971	MSC-04217/MSC, N7132678/NASA		Volume II	Manned Spacecraft Center		flowchart, requirements	file:///home/rburkey/Desktop/sandroid.org/public_html/apollo/Shuttle/19710023202.pdf	Space Shuttle Guidance, Navigation, and Control Design Equations - Volume II, Preflight Through Orbit Insertion	NTRS							
11/2/2022	12/1/1971	MSC-04217/MSC, TM-X-67709/NASA	Rev B	Volume IV	Manned Spacecraft Center		flowchart, requirements	file:///home/rburkey/Desktop/sandroid.org/public_html/apollo/Shuttle/80647106.pdf	Space Shuttle Guidance, Navigation, and Control Design Equations - Volume IV, Deorbit and Atmospheric Operations								
11/2/2022	12/1/1971	MSC-04217/MSC, TM-X-68368/NASA	Rev B	Volume III	Manned Spacecraft Center		flowchart, requirements	file:///home/rburkey/Desktop/sandroid.org/public_html/apollo/Shuttle/19720018223.pdf	Space Shuttle Guidance, Navigation, and Control Design Equations - Volume III, Orbital Operations	NTRS							
11/2/2022	3/15/1973	JSC-04217/MSC	Rev D	Volume III	Manned Spacecraft Center		flowchart, requirements	file:///home/rburkey/Desktop/sandroid.org/public_html/apollo/Shuttle/19730023781.pdf	Space Shuttle Guidance, Navigation, and Control Design Equations - Volume III, Guidance	NTRS							
11/2/2022	4/15/1971	MSC-04217/MSC, N71-32677/NASA		Volume I	Manned Spacecraft Center		flowchart, requirements	file:///home/rburkey/Desktop/sandroid.org/public_html/apollo/Shuttle/19710023201.pdf	Space Shuttle Guidance, Navigation, and Control Design Equations - Volume I	NTRS							
11/2/2022	4/15/1971	MSC-04217/MSC, N71-326791/NASA		Volume III	Manned Spacecraft Center		flowchart, requirements	file:///home/rburkey/Desktop/sandroid.org/public_html/apollo/Shuttle/19710023203.pdf	Space Shuttle Guidance, Navigation, and Control Design Equations - Volume III, Orbital Operations	NTRS							
11/2/2022	12/1/1971	MSC-04217/MSC, TM-X-68367/NASA	Rev B	Volume I	Manned Spacecraft Center		flowchart, requirements	file:///home/rburkey/Desktop/sandroid.org/public_html/apollo/Shuttle/19720018222.pdf	Space Shuttle Guidance, Navigation, and Control Design Equations - Volume I	NTRS							
11/2/2022	2/3/1970	TM-X-53987/NASA			Fred E. Digesu/NASA		papers	file:///home/rburkey/Desktop/sandroid.org/public_html/apollo/Shuttle/19700015799.pdf	A Conceptual Design of the Space Shuttle Integrated Avionics System	NTRS							
11/2/2022	4/15/1971	MSC-04217/MSC, N71-32298/NASA		Volume IV	Manned Spacecraft Center		flowchart, requirements	file:///home/rburkey/Desktop/sandroid.org/public_html/apollo/Shuttle/19710022822.pdf	Space Shuttle Guidance, Navigation, and Control Design Equations - Volume IV, Deorbit and Atmospheric Operations	NTRS							
11/2/2022	10/1/1972	CR-134278/NASA, N74-26145/NASA	Rev 3		William M. Robertson/IL		flowchart, requirements	file:///home/rburkey/Desktop/sandroid.org/public_html/apollo/Shuttle/19740018032.pdf	Space Shuttle GN&C Equation Document No. 4 - Precision State and Filter Weighting Matrix Extrapolation	NTRS							
11/2/2022	11/1/1972	T73-14253/NASA, CR-128961/NASA			Eugene S. Muller Jr/IL		flowchart, requirements	file:///home/rburkey/Desktop/sandroid.org/public_html/apollo/Shuttle/19730016981.pdf	Space Shuttle GN&C Equation Document No. 21 - Shuttle Unified Navigation Filter	NTRS							
11/2/2022	9/1/1972	CR-128964/NASA			Joseph St. Amand/IL		flowchart, requirements	file:///home/rburkey/Desktop/sandroid.org/public_html/apollo/Shuttle/85232097.pdf	Space Shuttle GN&C Equation Document No. 20 - Fine Alignment Gyro Torquing Angles								
11/2/2022	6/1/1973	CR-134281/NASA			Stanley W. Sheppard/IL, William M. Robertson/IL		flowchart, requirements	file:///home/rburkey/Desktop/sandroid.org/public_html/apollo/Shuttle/Space%20Shuttle%20GNC%20Equation%20Document%2025.pdf	Space Shuttle GN&C Equation Document No. 25 - Conic State Extrapolation								
11/2/2022	10/5/1981				John R. Garman/MSC		papers	file:///home/rburkey/Desktop/sandroid.org/public_html/apollo/Shuttle/space_.pdf	The "Bug" Heard 'Round the World								
11/2/2022	3/26/1973	JSC-07896/NASA, 73-FM-47/MSC		Volume III	Johnson Space Center		Missions, studies	file:///home/rburkey/Desktop/sandroid.org/public_html/apollo/Shuttle/sts-3A_B-DRM.PDF	Space Shuttle System Baseline Reference Missions - Volume III - Mission 3A and Mission 3B								
11/2/2022	4/1/2005	JSC-11542/NASA	Rev E		Lyndon B. Johnson Space Center		flight data, flight procedures	file:///home/rburkey/Desktop/sandroid.org/public_html/apollo/Shuttle/JSC-11542%20-%20Flight%20Procedures%20Handbook%20Rev%20E%20200504.pdf	Flight Procedures Handbook - Entry								
11/2/2022	2/1/1980	JSC-10559/NASA			Lyndon B. Johnson Space Center		flight data, flight procedures	file:///home/rburkey/Desktop/sandroid.org/public_html/apollo/Shuttle/JSC-10559%20-%20Flight%20Procedures%20Handbook%20Ascent%20Aborts%20-%2019800201.pdf	Flight Procedures Handbook - Ascent/Aborts								
11/2/2022	8/14/1987	JSC-12770/NASA	Rev B	Volume 12	Lyndon B. Johnson Space Center		crew training, flight data	file:///home/rburkey/Desktop/sandroid.org/public_html/apollo/Shuttle/46635652-Shuttle-Flight-Operations-Manual-Vol-12-Crew-Systems.pdf	Shuttle Flight Operations Manual (SFOM) - Crew Systems								
																	
11/03/2022	2/1/1999	TD115/MSC	Rev B		Jeffrey Tuxhorn/MSC		DPS, crew training	file:///home/rburkey/Desktop/sandroid.org/public_html/apollo/Shuttle/DPS%20Overview%20Workbook.pdf	DPS Overview 21002 Workbook								
11/03/2022	10/10/2006	USA006500/USA	Rev A		Eric Zumdieck/USA		crew training, OMS	file:///home/rburkey/Desktop/sandroid.org/public_html/apollo/Shuttle/USA006500%20-%20Orbital%20Maneuvering%20System%20Workbook%20OMS%2021002.pdf	Orbital Maneuvering System Workbook								
																	
11/06/2022	6/28/1983	N-16890/NASA			Jack C. Boykin/MSC, Joseph R. Thibodeau/MSC, Henry E. Schneider/Douglas		paper, avionics	file:///home/rburkey/Desktop/sandroid.org/public_html/apollo/Shuttle/1985008580.pdf#page=23	Evolution of Shuttle Avionics Redundancy Management / Fault Tolerance	NTRS			Paper from Space Shuttle Techical Conference				
11/06/2022	6/28/1983	N-16891/NASA			O. L. Henderson/Honeywell		paper, avionics	file:///home/rburkey/Desktop/sandroid.org/public_html/apollo/Shuttle/1985008580.pdf#page=41	Shuttle Avionics Software Trials, Tribulations and Successes	NTRS			Paper from Space Shuttle Techical Conference				
11/06/2022	6/28/1983	N-16892/NASA			Edward S. Chevers/MSC		paper, avionics	file:///home/rburkey/Desktop/sandroid.org/public_html/apollo/Shuttle/1985008580.pdf#page=52	Shuttle Avionics Software Trials, Tribulations and Successes: The Backup Flight System	NTRS			Paper from Space Shuttle Techical Conference				
11/06/2022	6/28/1983				Terry D. Humphrey/MSC, Charles R. Price/MSC		paper, avionics, bfs	file:///home/rburkey/Desktop/sandroid.org/public_html/apollo/Shuttle/1985008580.pdf#page=57	Flight Software Fault Tolerance Via the Backup Flight System	NTRS			Paper from Space Shuttle Techical Conference				
11/06/2022	6/28/1983	N-16893/NASA			Walter T. Mitchell/NASA, Richard F. Searle/Rocketdyne		paper, avionics	file:///home/rburkey/Desktop/sandroid.org/public_html/apollo/Shuttle/1985008580.pdf#page=60	SSME Digital Control Design Characteristics	NTRS			Paper from Space Shuttle Techical Conference				
11/06/2022	6/28/1983	N-16894/NASA			Richard D. Burghduff/MSC, James L. Lewis Jr/MSC		paper, avionics	file:///home/rburkey/Desktop/sandroid.org/public_html/apollo/Shuttle/1985008580.pdf#page=69	Man-Machine Interface and Control of the Shuttle Digital Flight System	NTRS			Paper from Space Shuttle Techical Conference				
11/06/2022	6/28/1983	N-16895/NASA			H. G. Vick/MSC, P. W. Hampton/Rocketdyne		paper, avionics	file:///home/rburkey/Desktop/sandroid.org/public_html/apollo/Shuttle/1985008580.pdf#page=76	Space Shuttle Main Engine Hardware Simulation	NTRS			Paper from Space Shuttle Techical Conference				
11/06/2022	6/28/1983	N-16896/NASA			H. E. Smith/MSC, W. B. Fouts/Rockwell, J. Mesmer/Rockwell		paper, avionics	file:///home/rburkey/Desktop/sandroid.org/public_html/apollo/Shuttle/1985008580.pdf#page=86	Development and Implementation of the Verification Process for the Shuttle Avionics System	NTRS			Paper from Space Shuttle Techical Conference				
11/06/2022	6/28/1983	N-16897/NASA			F. Herb Blackmon/IBM		paper, avionics	file:///home/rburkey/Desktop/sandroid.org/public_html/apollo/Shuttle/1985008580.pdf#page=98	Ground / Man-Machine Interfaces for Orbiter Checkout	NTRS			Paper from Space Shuttle Techical Conference				
11/06/2022	6/28/1983	N-16898/NASA			Charles A. Abner/NASA, Don H. Townsend/MSC		paper, avionics	file:///home/rburkey/Desktop/sandroid.org/public_html/apollo/Shuttle/1985008580.pdf#page=103	Integration of Ground and On-Board System for Terminal Count	NTRS			Paper from Space Shuttle Techical Conference				
11/06/2022	6/28/1983	N-16899/NASA			John F. Muratore/USAF, Kathy K. Whitcomb/NASA		paper, avionics	file:///home/rburkey/Desktop/sandroid.org/public_html/apollo/Shuttle/1985008580.pdf#page=109	Integrated Design Checkout of Shuttle Payload Avionics Interfaces	NTRS			Paper from Space Shuttle Techical Conference				
11/06/2022	6/28/1983	N-16900/NASA			Judith A. Anderson/NASA, Kenneth O. Hendrickson/NASA		paper, avionics	file:///home/rburkey/Desktop/sandroid.org/public_html/apollo/Shuttle/1985008580.pdf#page=119	Automation of Checkout for Shuttle Operations Era	NTRS			Paper from Space Shuttle Techical Conference				
11/06/2022	6/28/1983	N-16901/NASA			Emil R. Schiesser/MSC		paper, gnc	file:///home/rburkey/Desktop/sandroid.org/public_html/apollo/Shuttle/1985008580.pdf#page=124	Shuttle Navigation Status	NTRS			Paper from Space Shuttle Techical Conference				
11/06/2022	6/28/1983	N-16902/NASA			B. Kent Joosten/MSC		paper, gnc	file:///home/rburkey/Desktop/sandroid.org/public_html/apollo/Shuttle/1985008580.pdf#page=135	Descent Guidance and Mission Planning for Space Shuttle	NTRS			Paper from Space Shuttle Techical Conference				
11/06/2022	6/28/1983	N-16903/NASA			S. V. Murray/MSC		paper, gnc	file:///home/rburkey/Desktop/sandroid.org/public_html/apollo/Shuttle/1985008580.pdf#page=147	Some Effects of Digital Sampling on Orbiter Flight Control System Operation	NTRS			Paper from Space Shuttle Techical Conference				
11/06/2022	6/28/1983	N-16904/NASA			David W. Gilbert/MSC		paper, gnc	file:///home/rburkey/Desktop/sandroid.org/public_html/apollo/Shuttle/1985008580.pdf#page=159	Space Shuttle Handling Qualities	NTRS			Paper from Space Shuttle Techical Conference				
11/06/2022	6/28/1983	N-16905/NASA			Bruce G. Powers/NASA		paper, gnc	file:///home/rburkey/Desktop/sandroid.org/public_html/apollo/Shuttle/1985008580.pdf#page=165	Low-Speed Longitudinal Orbiter Flying Qualities	NTRS			Paper from Space Shuttle Techical Conference				
11/06/2022	6/28/1983	N-16906/NASA			Charlie C. Dill/NASA, J. C. Young/MSC, B. B. Roberts/MSC, M. K. Craig/MSC, J. T. Hamilton/Rockwell, W. W. Boyle/Lockheed		aerodynamics, paper	file:///home/rburkey/Desktop/sandroid.org/public_html/apollo/Shuttle/1985008580.pdf#page=173	The Space Shuttle Ascent Vehicle Aerodynamic Challenges: Configuration Design and Data Base Development	NTRS			Paper from Space Shuttle Techical Conference				
11/06/2022	6/28/1983	N-16907/NASA			R. O. Wallace/MSC, L. D. Austin/MSC, J. G. Hondros/MSC, T. E Surber/Rockwell, L. M. Gaines/Rockwell, J. T. Hamilton/Rockwell		aerodynamics, paper	file:///home/rburkey/Desktop/sandroid.org/public_html/apollo/Shuttle/1985008580.pdf#page=199	The Space Shuttle Launch Vehicle Aerodynamic Verification Challenges	NTRS			Paper from Space Shuttle Techical Conference				
11/06/2022	6/28/1983	N-16908/NASA			D. L. Bacchus/NASA, D. A. Kross/NASA, R. D. Moog/Martin Marietta		aerodynamics, paper	file:///home/rburkey/Desktop/sandroid.org/public_html/apollo/Shuttle/1985008580.pdf#page=211	The Aerodynamic Challenges of SRB Recovery	NTRS			Paper from Space Shuttle Techical Conference				
11/06/2022	6/28/1983	N-16909/NASA			James C. Young/MSC, Jimmy M. Underwood/MSC, et al		aerodynamics, paper	file:///home/rburkey/Desktop/sandroid.org/public_html/apollo/Shuttle/1985008580.pdf#page=231	The Aerodynamic Challenges of the Design and Development of the Space Shuttle Orbiter	NTRS			Paper from Space Shuttle Techical Conference				
11/06/2022	6/28/1983	N-16910/NASA			Joe D. Gamble/MSC, Douglas R. Cooke/MSC, Jimmy M. Underwood/MSC, Howard W. Stone Jr./NASA, Donald C. Schlosser/Rockwell		aerodynamics, paper	file:///home/rburkey/Desktop/sandroid.org/public_html/apollo/Shuttle/1985008580.pdf#page=286	The Development and Application of Aerodynamic Uncertainties; and Flight Test Verification for the Space Shuttle Orbiter	NTRS			Paper from Space Shuttle Techical Conference				
11/06/2022	6/28/1983	N-16911/NASA			Ivy Hooks/MSC, David Homan/MSC, Paul Romere/MSC		aerodynamics, paper	file:///home/rburkey/Desktop/sandroid.org/public_html/apollo/Shuttle/1985008580.pdf#page=317	Aerodynamic Challenges of ALT	NTRS			Paper from Space Shuttle Techical Conference				
11/06/2022	6/28/1983	N-16912/NASA			Ernest R. Hillje/MSC		aerodynamics, paper	file:///home/rburkey/Desktop/sandroid.org/public_html/apollo/Shuttle/1985008580.pdf#page=335	The Orbiter Air Data System	NTRS			Paper from Space Shuttle Techical Conference				
11/06/2022	6/28/1983	N-16913/NASA			C. Thomas Modlin Jr./MSC, George A. Zupp Jr./MSC		structural, paper	file:///home/rburkey/Desktop/sandroid.org/public_html/apollo/Shuttle/1985008580.pdf#page=347	Shuttle Structural Dynamics Characteristics, the Analysis and Verification	NTRS			Paper from Space Shuttle Techical Conference				
11/06/2022	6/28/1983	N-16914/NASA			Alden C. Mackey/MSC, Ralph e. Gatto/Rockwell		structural, paper	file:///home/rburkey/Desktop/sandroid.org/public_html/apollo/Shuttle/1985008580.pdf#page=357	Structural Load Challenges During Space Shuttle Development	NTRS			Paper from Space Shuttle Techical Conference				
11/06/2022	6/28/1983	N-16915/NASA			Philip C. Glynn/MSC, Thomas L. Moser/MSC		structural, paper	file:///home/rburkey/Desktop/sandroid.org/public_html/apollo/Shuttle/1985008580.pdf#page=367	Orbiter Structural Design and Verification	NTRS			Paper from Space Shuttle Techical Conference				
11/06/2022	6/28/1983	N-16916/NASA			Harold R. Coldwater/NASA, Richard R. Foll/Martin Marietta, Gayle J. Howell/Martin Marietta, Jon A. Dutton/Martin Marietta		structural, paper	file:///home/rburkey/Desktop/sandroid.org/public_html/apollo/Shuttle/1985008580.pdf#page=379	Space Shuttle External Tank Performance Improvements - The Challenge	NTRS			Paper from Space Shuttle Techical Conference				
11/06/2022	6/28/1983	N-16917/NASA			William R. Woodis/Martin Marietta, Roy E. Runkle/MSC		structural, paper	file:///home/rburkey/Desktop/sandroid.org/public_html/apollo/Shuttle/1985008580.pdf#page=387	Structural and Mechanical Design Challenges of Space Shuttle Solid Rocket Boosters Separation and Recovery Subsystems	NTRS			Paper from Space Shuttle Techical Conference				
11/06/2022	6/28/1983	N-16918/NASA			Robert S. Ryan/NASA, Larry D. Salter/NASA, George M. Young III/NASA, Paul M. Munafo/NASA		structural, paper	file:///home/rburkey/Desktop/sandroid.org/public_html/apollo/Shuttle/1985008580.pdf#page=408	SSME Lifetime Prediction and Verification, Integrating Environments, Structures, Materials: The Challenge	NTRS			Paper from Space Shuttle Techical Conference				
11/06/2022	6/28/1983	N-16919/NASA			William C. Schneider/MSC, Glenn J. Miller/MSC		structural, paper	file:///home/rburkey/Desktop/sandroid.org/public_html/apollo/Shuttle/1985008580.pdf#page=425	The Challenging "Scales of the Bird" (Shuttle Tile Structural Integrity)	NTRS			Paper from Space Shuttle Techical Conference				
11/06/2022	6/28/1983	N-16920/NASA			R. Norman Prince/MSC, Joe Swider/UTC, John Wojnarowski/UTC, Angelo Decrisantis/UTC, George R. Ord/Moog, James J. Walleshauser/Moog, John W. Gibb/Rockwell		paper, life support	file:///home/rburkey/Desktop/sandroid.org/public_html/apollo/Shuttle/1985008580.pdf#page=436	Challenges in the Development of the Orbiter Atmospheric Revitalization Subsystem	NTRS			Paper from Space Shuttle Techical Conference				
11/06/2022	6/28/1983	N-16921/NASA			Barbara Woolford/MSC		paper, life support	file:///home/rburkey/Desktop/sandroid.org/public_html/apollo/Shuttle/1985008580.pdf#page=448	Challenges of Developing an Electro-Optical System for Measuring Man's Operational Envelope	NTRS			Paper from Space Shuttle Techical Conference				
11/06/2022	6/28/1983	N-16922/NASA			Harold J. McMann/MSC, James W. McBarron II/MSC		paper, life support	file:///home/rburkey/Desktop/sandroid.org/public_html/apollo/Shuttle/1985008580.pdf#page=457	Challenges in the Development of the Shuttle Extravehicular Mobility Unit	NTRS			Paper from Space Shuttle Techical Conference				
11/06/2022	6/28/1983	N-16923/NASA			John R. Nason/UTC, et al		paper, life support	file:///home/rburkey/Desktop/sandroid.org/public_html/apollo/Shuttle/1985008580.pdf#page=472	Challenges in the Development of the Orbiter Active Thermal Control Subsystem	NTRS			Paper from Space Shuttle Techical Conference				
11/06/2022	6/28/1983	N-16924/NASA			John W. Gibb/Rockwell, M. E. McIntosh/Rockwell, Steven R. Heinrich/Fairchild Control Systems, Emory Thomas/Brunswick, Mike Steele/Brunswick, Franz Schuber/Life Systems, E. P. Koszenski/Life Systems, R. A. Wynveen/Life Systems, R. W. Murray/GE, J. D. Schelkopf/GE, J. K. Mangialardi/GE		paper, life support	file:///home/rburkey/Desktop/sandroid.org/public_html/apollo/Shuttle/1985008580.pdf#page=487	Other Challenges in the Development of the Orbiter Environmental Control Hardware	NTRS			Paper from Space Shuttle Techical Conference				
11/06/2022	6/28/1983	N-16925/NASA			J. L. Williams/LTV Vought, J. A. Oren/LTV Vought, M. F. Modest/USC, H. R. Howell/LTV Vought		paper, life support	file:///home/rburkey/Desktop/sandroid.org/public_html/apollo/Shuttle/1985008580.pdf#page=502	Challenges in the Development of the Orbiter Radiator System	NTRS			Paper from Space Shuttle Techical Conference				
11/06/2022	6/28/1983	N-16926/NASA			Richard Schwartz/Rockwell		paper, ground	file:///home/rburkey/Desktop/sandroid.org/public_html/apollo/Shuttle/1985008580.pdf#page=512	Overview of STS Ground Operations / Orbiter Turnaround, STS-1 Through STS-7	NTRS			Paper from Space Shuttle Techical Conference				
11/06/2022	6/28/1983	N-16927/NASA			J. E. Carpenter/Martin Marietta		paper, ground	file:///home/rburkey/Desktop/sandroid.org/public_html/apollo/Shuttle/1985008580.pdf#page=520	External Tank Processing From barge to Pad	NTRS			Paper from Space Shuttle Techical Conference				
11/06/2022	6/28/1983	N-16928/NASA			Anker M. Rasmussen/United Space Boosters		paper, ground	file:///home/rburkey/Desktop/sandroid.org/public_html/apollo/Shuttle/1985008580.pdf#page=527	Solid Rocket Booster Retrieval Operations	NTRS			Paper from Space Shuttle Techical Conference				
11/06/2022	6/28/1983	N-16929/NASA			Warren L. Riles/YOO		paper, ground	file:///home/rburkey/Desktop/sandroid.org/public_html/apollo/Shuttle/1985008580.pdf#page=532	Space Shuttle Flight Readiness Firing - Dress Rehearsal for STS-1	NTRS			Paper from Space Shuttle Techical Conference				
11/06/2022	6/28/1983	N-16930/NASA			Rockwell International		paper, ground	file:///home/rburkey/Desktop/sandroid.org/public_html/apollo/Shuttle/1985008580.pdf#page=547	Transition to the Space Shuttle Operations Era	NTRS			Paper from Space Shuttle Techical Conference				
11/06/2022	6/28/1983	N-16931/NASA			William W. Bailey/NASA		paper, ground	file:///home/rburkey/Desktop/sandroid.org/public_html/apollo/Shuttle/1985008580.pdf#page=554	Launch Processing System: Concept to Reality	NTRS			Paper from Space Shuttle Techical Conference				
11/06/2022	6/28/1983	N-16932/NASA			James W. Rudolph/NASA		paper, ground	file:///home/rburkey/Desktop/sandroid.org/public_html/apollo/Shuttle/1985008580.pdf#page=561	Automatic Software for Controlling Cryogenic Systems	NTRS			Paper from Space Shuttle Techical Conference				
11/06/2022	6/28/1983	N-16933/NASA			Edward G. Tory/Martin Marietta		paper, ground	file:///home/rburkey/Desktop/sandroid.org/public_html/apollo/Shuttle/1985008580.pdf#page=572	Mathematical Models for Space Shuttle Ground Systems	NTRS			Paper from Space Shuttle Techical Conference				
11/06/2022	6/28/1983	N-16934/NASA			John B. Plowden/Rockwell		paper, ground	file:///home/rburkey/Desktop/sandroid.org/public_html/apollo/Shuttle/1985008580.pdf#page=580	Managing Computer-Controlled OPerations	NTRS			Paper from Space Shuttle Techical Conference				
11/06/2022	6/28/1983	N-16935/NASA			Robert M. Ferguson/NSA		paper, ground	file:///home/rburkey/Desktop/sandroid.org/public_html/apollo/Shuttle/1985008580.pdf#page=587	Support Systems Design and Analysis	NTRS			Paper from Space Shuttle Techical Conference				
11/06/2022	6/28/1983	N-16936/NASA			William R. Helms		paper, ground	file:///home/rburkey/Desktop/sandroid.org/public_html/apollo/Shuttle/1985008580.pdf#page=595	History, Design and Performance of the Space Shuttle Hazardous Gas Detection System	NTRS			Paper from Space Shuttle Techical Conference				
11/06/2022	6/28/1983	CP-2342-Pt-2/NASA		Part 2	Manned Spacecraft Center		paper	file:///home/rburkey/Desktop/sandroid.org/public_html/apollo/Shuttle/1985008628.pdf	Space Shuttle Technical Conference	NTRS			This is Part 2 of a collection of paper from the Space Shuttle Technical Conference in June 1983.  I've provided separate links for each paper in Part 1, but since only one of the six sessions in Part 1 turned out to be related to the Shuttle's DPS with which we're concerned, I've chosen not to index Part 2 at the present time, and thus present it as a single PDF.  The sessions in Part 2 are "Propulsion and Power", "Communications and Tracking", "Mechanisms and Mechanical Systems", "Thermal and Contamination Environments and Protection Systems".				
11/06/2022	9/14/2007	JSC-48020-120/NASA	Final PCN-2		Manned Spacecraft Center	STS-120	flight data, checklist	file:///media/STORAGE/home/rburkey/Desktop/sandroid.org/public_html/apollo/Shuttle/ENT_120_F_2.pdf	Entry Checklist, STS-120 Flight Supplement								
11/06/2022	10/4/2007	JSC-48000-120/NASA			Manned Spacecraft Center	STS-120	flight data, flight plan	file:///home/rburkey/Desktop/sandroid.org/public_html/apollo/Shuttle/FLT_PLN_120_F.pdf	Flight Plan, STS-120/10A (FFR Flight Cycle Trajectory)								
11/06/2022	9/14/2007	JSC-48005-120/NASA	Final PCN-2		Manned Spacecraft Center	STS-120	flight data, checklist	file:///home/rburkey/Desktop/sandroid.org/public_html/apollo/Shuttle/ASC_120_F_2.pdf	Ascent Checklist, STS-120								
11/06/2022	4/23/2007	JSC-48072-120	Final		Manned Spacecraft Center	STS-120	flight data, checklist	file:///home/rburkey/Desktop/sandroid.org/public_html/apollo/Shuttle/RNDZ_120_F.pdf	Rendezvous Checklist, STS-120								
11/06/2022	6/5/2007	JSC-48041/NASA	Generic Rev H PCN-4		Manned Spacecraft Center		flight data, reference data	file:///home/rburkey/Desktop/sandroid.org/public_html/apollo/Shuttle/REF_G_H_4.pdf	Reference Data (STS-118 and subsequent)								
11/06/2022	2/16/2007	JSC-48029/NASA	Generic Rev G PCN-3		Manned Spacecraft Center		flight data, maps	file:///home/rburkey/Desktop/sandroid.org/public_html/apollo/Shuttle/MAPS_G_G_3.pdf	Flight Maps and Charts, All Flights (STS-117 and subsequent)								
11/06/2022	7/13/2007	JSC-48027/NASA	Generic Rev I PCN-4		Manned Spacecraft Center		flight data	file:///home/rburkey/Desktop/sandroid.org/public_html/apollo/Shuttle/MAL_G_I_4.pdf	Malfunction Procedures (STS-118 and subsequent)								
11/06/2022	7/18/2007	JSC-48015/NASA	Generic Rev P PCN-1		Manned Spacecraft Center		flight data	file:///home/rburkey/Desktop/sandroid.org/public_html/apollo/Shuttle/D-O_G_P_1.pdf	Deorbit Prep (STS-118 and subsequent)								
11/06/2022	7/8/2005	JSC-48013/NASA	Generic Rev D		Manned Spacecraft Center		flight data	file:///home/rburkey/Desktop/sandroid.org/public_html/apollo/Shuttle/CUE_G_D.pdf	Cue Cards and Procedural Decals Book								
11/06/2022	11/12/2004	USA006022/USA			United Space Alliance		training	file:///home/rburkey/Desktop/sandroid.org/public_html/apollo/Shuttle/Space%2520Shuttle%2520Fam%2520Guide.pdf	Space Shuttle Vehicle Familiarization								
																	
11/07/2022	12/14/2007	STS-83-0026-34/Boeing			C. Bergman/Boeing, et al		requirements, FSSR, flowcharts, OI-34	file:///home/rburkey/Desktop/sandroid.org/public_html/apollo/Shuttle/STS83-0026-34%20-%20Sequencers.pdf	Space Shuttle Orbiter Operational Level C Functional Subsystem Software Requirements: Guidance, Navigation, and Control Sequence Requirements (OI-34)								
11/07/2022	12/21/2007	STS-83-0020V3-34/Boeing			C. Bergman/Boeing, et al		requirements, FSSR, flowcharts, OI-34	file:///home/rburkey/Desktop/sandroid.org/public_html/apollo/Shuttle/sts83-0020v3-34%20-%20Displays%20and%20Controls%20Appendices.pdf	Space Shuttle Orbiter Operational Level C Functional Subsystem Software Requirements: Displays and Controls Volume 3: Appendixes A, B, and F (OI-34)								
11/07/2022	12/21/2007	STS-83-0020V2-34/Boeing			C. Bergman/Boeing, et al		requirements, FSSR, flowcharts, OI-34	file:///home/rburkey/Desktop/sandroid.org/public_html/apollo/Shuttle/STS83-0020V2-34%20-%20Displays%20and%20Controls%20-%20SM.pdf	Space Shuttle Orbiter Operational Level C Functional Subsystem Software Requirements: Displays and Controls Volume 2: Systems Management (OI-34)								
11/07/2022	12/21/2007	STS-83-0020V1-34/Boeing			C. Bergman/Boeing, et al		requirements, FSSR, flowcharts, OI-34	file:///home/rburkey/Desktop/sandroid.org/public_html/apollo/Shuttle/sts83-0020v1-34%20-%20Displays%20and%20Controls%20-%20GNC.pdf	Space Shuttle Orbiter Operational Level C Functional Subsystem Software Requirements: Displays and Controls Volume 1: Guidance, Navigation and Control (OI-34)								
11/07/2022	12/14/2007	STS-83-0016-34/Boeing			C. Bergman/Boeing, et al		requirements, FSSR, flowcharts, OI-34	file:///home/rburkey/Desktop/sandroid.org/public_html/apollo/Shuttle/STS83-0016-34%20-%20SOPs%20Flight%20Control%20Effector.pdf	Space Shuttle Orbiter Operational Level C Functional Subsystem Software Requirements: Guidance, Navigation and Control, Part E:  Subsystem Operating Programs, Flight Control Effector (OI-34)								
11/07/2022	12/14/2007	STS-83-0015-34/Boeing			C. Bergman/Boeing, et al		requirements, FSSR, flowcharts, OI-34	file:///home/rburkey/Desktop/sandroid.org/public_html/apollo/Shuttle/sts83-0015-34%20-%20Flight%20Control%20Sensor-Controller%20SOP.pdf	Space Shuttle Orbiter Operational Level C Functional Subsystem Software Requirements: Guidance, Navigation and Control, Part E:  Flight Control - Sensor/Controller Subsystem Operating Program (OI-34)								
11/07/2022	12/14/2007	STS-83-0014V2-34/Boeing			C. Bergman/Boeing, et al		requirements, FSSR, flowcharts, OI-34	file:///home/rburkey/Desktop/sandroid.org/public_html/apollo/Shuttle/sts83-0014v2-34%20-%20Star%20Tracker%20SOP.pdf	Space Shuttle Orbiter Operational Level C Functional Subsystem Software Requirements: Guidance, Navigation and Control, Part E:  Star Tracker Subsystem Operating Programs (OI-34)								
11/07/2022	12/14/2007	STS-83-0014V1-34/Boeing			C. Bergman/Boeing, et al		requirements, FSSR, flowcharts, OI-34	file:///home/rburkey/Desktop/sandroid.org/public_html/apollo/Shuttle/sts83-0014v1-34%20-%20Nav%20Aids%20SOP.pdf	Space Shuttle Orbiter Operational Level C Functional Subsystem Software Requirements: Guidance, Navigation and Control, Part E:  Navigation Aids Subsystem Operating Program								
11/07/2022	12/14/2007	STS-83-0013-34/Boeing			C. Bergman/Boeing, et al		requirements, FSSR, flowcharts, OI-34	file:///home/rburkey/Desktop/sandroid.org/public_html/apollo/Shuttle/sts83-0013-34%20-%20IMU%20SOP.pdf	Space Shuttle Orbiter Operational Level C Functional Subsystem Software Requirements: Guidance, Navigation and Control, Part E:  Inertial Measurement Unit Subsystem Operating Program								
11/07/2022	12/14/2007	STS-83-0010-34/Boeing			C. Bergman/Boeing, et al		requirements, FSSR, flowcharts, OI-34	file:///home/rburkey/Desktop/sandroid.org/public_html/apollo/Shuttle/sts83-0010-34%20-%20Redundancy%20Management.pdf	Space Shuttle Orbiter Operational Level C Functional Subsystem Software Requirements: Guidance, Navigation and Control, Part D: Redundancy Management								
11/07/2022	12/14/2007	STS-83-0009-34/Boeing			C. Bergman/Boeing, et al		requirements, FSSR, flowcharts, OI-34	file:///home/rburkey/Desktop/sandroid.org/public_html/apollo/Shuttle/sts83-0009-34%20-%20Flight%20Control%20Orbit%20DAP.pdf	Space Shuttle Orbiter Operational Level C Functional Subsystem Software Requirements: Guidance, Navigation and Control, Part C: Flight Control Orbit DAP								
11/07/2022	12/14/2007	STS-83-0008V2-34/Boeing			C. Bergman/Boeing, et al		requirements, FSSR, flowcharts, OI-34	file:///home/rburkey/Desktop/sandroid.org/public_html/apollo/Shuttle/sts83-0008v2-34%20-%20Flight%20Control%20Ascent.pdf	Space Shuttle Orbiter Operational Level C Functional Subsystem Software Requirements: Guidance, Navigation and Control, Part C: Flight Control - Ascent, Volume 2								
11/07/2022	12/14/2007	STS-83-0008V1-34/Boeing			C. Bergman/Boeing, et al		requirements, FSSR, flowcharts, OI-34	file:///home/rburkey/Desktop/sandroid.org/public_html/apollo/Shuttle/sts83-0008v1-34%20-%20Flight%20Control%20Ascent.pdf	Space Shuttle Orbiter Operational Level C Functional Subsystem Software Requirements: Guidance, Navigation and Control, Part C: Flight Control - Ascent Flight Phase, Volume 1								
11/07/2022	12/14/2007	STS-83-0007-34/Boeing			C. Bergman/Boeing, et al		requirements, FSSR, flowcharts, OI-34	file:///home/rburkey/Desktop/sandroid.org/public_html/apollo/Shuttle/sts83-0007-34%20-%20Flight%20Control%20Entry-GRTLS.pdf	Space Shuttle Orbiter Operational Level C Functional Subsystem Software Requirements: Guidance, Navigation and Control, Part C: Flight Control Entry -- GRTLS								
11/07/2022	12/14/2007	STS-83-0006-34/Boeing			C. Bergman/Boeing, et al		requirements, FSSR, flowcharts, OI-34	file:///home/rburkey/Desktop/sandroid.org/public_html/apollo/Shuttle/sts83-0006-34%20-%20Navigation%20On-orbit.pdf	Space Shuttle Orbiter Operational Level C Functional Subsystem Software Requirements: Guidance, Navigation and Control, Part B: On-Orbit Navigation								
11/07/2022	12/14/2007	STS-83-0005-34/Boeing			C. Bergman/Boeing, et al		requirements, FSSR, flowcharts, OI-34	file:///home/rburkey/Desktop/sandroid.org/public_html/apollo/Shuttle/sts83-0005-34%20-%20Navigation%20Ascent-RTLS.pdf	Space Shuttle Orbiter Operational Level C Functional Subsystem Software Requirements: Guidance, Navigation and Control, Part B: Navigation Ascent/RTLS								
11/07/2022	12/14/2007	STS-83-0002-34/Boeing			C. Bergman/Boeing, et al		requirements, FSSR, flowcharts, OI-34	file:///home/rburkey/Desktop/sandroid.org/public_html/apollo/Shuttle/STS83-0002-34%20-%20Guidance%20Ascent-RTLS.pdf	Space Shuttle Orbiter Operational Level C Functional Subsystem Software Requirements: Guidance, Navigation and Control, Part A: Guidance Ascent/RTLS								
11/07/2022	12/14/2007	STS-83-0004-34/Boeing			C. Bergman/Boeing, et al		requirements, FSSR, flowcharts, OI-34	file:///home/rburkey/Desktop/sandroid.org/public_html/apollo/Shuttle/sts83-0004-34%20-%20Navigation%20Entry%20Through%20Landing.pdf	Space Shuttle Orbiter Operational Level C Functional Subsystem Software Requirements: Guidance, Navigation and Control, Part B: Entry Through Landing Navigation								
11/07/2022	12/14/2007	STS-83-0003-34/Boeing			C. Bergman/Boeing, et al		requirements, FSSR, flowcharts, OI-34	file:///home/rburkey/Desktop/sandroid.org/public_html/apollo/Shuttle/sts83-0003-34%20-%20Guidance%20On-orbit-Deorbit.pdf	Space Shuttle Orbiter Operational Level C Functional Subsystem Software Requirements: Guidance, Navigation and Control, Part A: Guidance On-Orbit/Deorbit								
11/07/2022	12/14/2007	STS-83-0001-34/Boeing			C. Bergman/Boeing, et al		requirements, FSSR, flowcharts, OI-34	file:///home/rburkey/Desktop/sandroid.org/public_html/apollo/Shuttle/sts83-0001-34%20-%20Guidance%20Entry%20Through%20Landing.pdf	Space Shuttle Orbiter Operational Level C Functional Subsystem Software Requirements: Guidance, Navigation and Control, Part A: Entry Through Landing Guidance								
																	
11/08/2022	6/1/1971	CR-129506/NASA, MSC-01846/Intermetrics			Intermetrics Inc		HAL/S	file:///home/rburkey/Desktop/sandroid.org/public_html/apollo/Shuttle/19730003464.pdf	The Programming Language HAL - A Specification								
																	
11/11/2022	3/1/1995				Baoquoc Tranthien		DPS	file:///home/rburkey/Desktop/sandroid.org/public_html/apollo/Shuttle/36701115.pdf	The Space Shuttle Orbiter's Advanced Display Designs and an Analysis of Its Growth Capabilities								
																	
11/23/2022	10/30/2005				Roscoe C. Ferguson/USA, Hiram C. Thompson/USA		DPS	file:///home/rburkey/Desktop/sandroid.org/public_html/apollo/Shuttle/Space%20Shuttle%20CAU%20study.pdf	Case Study of the Space Shuttle Cockpit Avionics Upgrade Software								
11/23/2022	12/7/2010	IG-11-009/NASA			NASA Inspector General		administrative	file:///home/rburkey/Desktop/sandroid.org/public_html/apollo/Shuttle/Space%20shuttle%20IT%20OIG%20report.pdf	Preparing for the Space Shuttle Program's Retirement: A Review of NASA's Disposition of Information Technology Equipment				This is a report by the NASA Inspector General, basically criticizing NASA's attempts to "sanitize" computers previously used in the Shuttle program before resale.  This is, of course, sensible regardless of the nature of the data inadvertently left on the computers.  I'd note that while the report repeatedly mentions "software", it's the software that's used to wipe the computers that's being referenced ... <i>not</i> Shuttle software source code.  I'd note also that while ITAR vulnerability is frequently mentioned, there is no hint of what the ITAR-sensitive data may be, and certainly no hint that it is Shuttle source code or documentation.				
																	
11/24/2022	6/16/2006				Lyndon B. Johnson Space Center	STS-121	Missions, FRR	file:///home/rburkey/Desktop/sandroid.org/public_html/apollo/Shuttle/STS-121%20FRR%20SE&I.pdf	STS-121 Flight Readiness Review: Systems Engineering & Integration								
																	
11/25/2022	3/29/1996	JSC-48017/MSC	Generic Rev I		Lyndon B. Johnson Space Center		DPS, flight data, OI-25	file:///home/rburkey/Desktop/sandroid.org/public_html/apollo/Shuttle/Space%20Shuttle%20DPS%20Dictionary%20OI-25%20-%20OCR.pdf	Data Processing System Dictionary (OI-25 and subsequent)	National Air and Space Museum Archives		From the Smithsonian Institution National Air and Space Museum Archives, David M. Brown Papers collection, <a href="https://edan.si.edu/slideshow/viewer/?eadrefid=NASM.2006.0013_ref147">UAN NASM-NASM.2006.0013-bx011-fd003</a>.					
11/25/2022	3/26/1999	JSC-48017/MSC	Rev J PCN-4		Lyndon B. Johnson Space Center		DPS, flight data, OI-27	file:///home/rburkey/Desktop/sandroid.org/public_html/apollo/Shuttle/Space%20Shuttle%20DPS%20Dictionary%20OI-26.pdf	Data Processing System Dictionary (STS-96 and subsequent)								
11/26/2022	1/1/2007	CR-2007-213697/NASA			John Goodman/USA			file:///home/rburkey/Desktop/sandroid.org/public_html/apollo/Shuttle/cr-2007-2136974.pdf	Lessons Learned From Seven Space Shuttle Missions								
11/26/2022	2/1/2007		Rev S PCN-1	Volume 1	R. D. Legler/NASA, F. V. Bennett/NASA			file:///home/rburkey/Desktop/sandroid.org/public_html/apollo/Shuttle/SpaceShuttleMissionsSummaryVol1.pdf	Space Shuttle Missions Summary, First Hundred Flights (STS-1 Through STS-92)								
11/26/2022	6/1/2010		Rev T PCN-5	Volume 2	R. D. Legler/NASA, F. V. Bennett/NASA			file:///home/rburkey/Desktop/sandroid.org/public_html/apollo/Shuttle/SpaceShuttleMissionsSummaryVol2.pdf	Space Shuttle Missions Summary (STS-97 Through STS-131)								
11/26/2022	3/1/2009				Boeing		DPS, OI-34	file:///home/rburkey/Desktop/sandroid.org/public_html/apollo/Shuttle/Orbiter%20Displays%20Reference%20Guide%20OI-34.pdf	Orbiter Displays Reference Guide - Space Shuttle Orbiter Displays and Controls (CRT & HUD), OI-34								
11/27/2022	5/1/2009				NASA Safety Center	STS-126	OI-33	file:///home/rburkey/Desktop/sandroid.org/public_html/apollo/Shuttle/Space%20Shuttle%20STS-126%20Software%20Anomaly.pdf	System Failure Case Studies, STS-126:  Shuttle Software Anomaly (OI-33)								
11/27/2022	7/31/1973	CR-136777/NASA		Volume V	IBM Federal Systems Division		GOAL	file:///home/rburkey/Desktop/sandroid.org/public_html/apollo/Shuttle/GOAL%20Specifications%20V%205%20-%2019740007778.pdf	GOAL Final Report Volume V - Application Studies								
11/27/2022	11/1/1980	LEMSCO-14524-A/Lockheed, JSC-16748-A/NASA, CR-160957/NASA	Rev A		W. P. Bennett/Lockheed, R. W. Herold/Lockheed	STS-2	Simulation, math flow	file:///home/rburkey/Desktop/sandroid.org/public_html/apollo/Shuttle/JSC-16748%20-%20Rev%20A%20-%20SAIL%20Non-Avionics%20Subsystems%20Math%20Model%20Requirements%2019810018651.pdf	STS-2 SAIL Non-Avionics Subsystems Math Model Requirements				You may wonder why this is a relevant document.  From the abstract:  "Simulation of the STS-2 Shuttle non-avionics subsystems in the Shuttle Avionics Integration Laboratory (SAIL) is necessary for verification of the integrated Shuttle avionics system."				
11/27/2022	6/15/1992	JSC-18820/NASA	Rev B PCN-5		Robert Hudson/MSC, John D'Agostino/MSC		DPS	file:///home/rburkey/Desktop/sandroid.org/public_html/apollo/Shuttle/JSC-18820%20-%20Rev%20B%20-%20Data%20Processing%20System%20Brief%2019970615.pdf	Data Processing System - Systems Brief								
																	
11/28/2022	7/16/2007	JSC-48017/MSC	Generic Rev K PCN-5		Reneé M. Ross/MSC		DPS, flight data	file:///home/rburkey/Desktop/sandroid.org/public_html/apollo/Shuttle/Space%20Shuttle%20DPS%20Dictionary%20Rev%20K%20PCN%205.pdf	Data Processing System Dictionary (STS-118 and subsequent)								
11/28/2022	10/8/2008	JSC-48017/MSC	Generic Rev K PCN-8		Reneé M. Ross/MSC		DPS, flight data	file:///home/rburkey/Desktop/sandroid.org/public_html/apollo/Shuttle/Space%20Shuttle%20DPS%20Dictionary%20Rev%20K%20PCN%208.pdf	Data Processing System Dictionary (STS-126 and subsequent)								
11/28/2022	5/11/2006	JSC-48017/MSC	Generic Rev K PCN-3		Reneé M. Ross/MSC		DPS, flight data	file:///home/rburkey/Desktop/sandroid.org/public_html/apollo/Shuttle/Space%20Shuttle%20DPS%20Dictionary%20Rev%20K%20PCN%203.pdf	Data Processing System Dictionary (STS-121 and subsequent)								
11/28/2022	1/25/1991	STS83-0026D/NASA	Rev D		Rockwell International		requirements, FSSR, flowcharts, OI-21	file:///home/rburkey/Desktop/sandroid.org/public_html/apollo/Shuttle/STS-83%200026D%20OI-21%20Space%20Shuttle%20Orbiter%20GPC%20Func%20Software%20Requirements.pdf	Space Shuttle Orbiter Operational Level C Functional Subsystem Software Requirements: Sequence Requirements								
11/28/2022	7/7/2006	USA006080/USA	Rev B		Christopher Edwards/USA		OI-30	file:///home/rburkey/Desktop/sandroid.org/public_html/apollo/Shuttle/USA006080%20-%20Air%20Data%20System%20Workbook%2020060707.pdf	Air Data System Workbook ADS 21002								
11/28/2022	7/1/1992	CR-190826/NASA			National Research Council		Testing	file:///home/rburkey/Desktop/sandroid.org/public_html/apollo/Shuttle/19920023952.pdf	Independent Verification and Validation for Space Shuttle Flight Software								
																	
12/04/2022	11/1/2005	USA003089/USA	32.0/17.0		United Space Alliance		HAL/S, dev tools	file:///home/rburkey/Desktop/sandroid.org/public_html/apollo/Shuttle/hal-s_compiler_system_specification.pdf	HAL/S Compiler System Specification								
12/04/2022	10/26/2006	USA002869/USA	OI32		United Space Alliance		PASS, OI-32	file:///home/rburkey/Desktop/sandroid.org/public_html/apollo/Shuttle/PASS%20USER%20GUIDE%20-%20OI32.pdf	PASS User's Guide, OI-32								
12/04/2022	4/22/2005	JSC-18819/NASA	Basic Rev F		Carla A. Santiago/MSC		DPS, OI-30	file:///home/rburkey/Desktop/sandroid.org/public_html/apollo/Shuttle/DPS%20Console%20Handbook.pdf	Data Processing Systems Console Handbook								
12/04/2022	11/15/2006	USA005350/USA	Rev B Final		Steven D. Hamm/USA		DPS, Training	file:///home/rburkey/Desktop/sandroid.org/public_html/apollo/Shuttle/DPS%20Workbook.pdf	Data Processing System (Hardware and System Software) Workbook, DPS HW/SW 21002								
																	
12/05/2022	9/13/2012				Mark L. Mangieri/NASA, Jack Garman/NASA, Jason Vice/Odyssey		SDL, SPF	file:///home/rburkey/Desktop/sandroid.org/public_html/apollo/Shuttle/20120013307.pdf	Spacecraft Avionics Software development then and now: different but the same	NTRS							
																	
12/08/2022	3/1/1969				William M. McKeeman/University of California at Santa Cruz, James J. Horning/Stanford University, David B. Wortman/Stanford University		XPL, TWS, Software	https://github.com/virtualagc/virtualagc/tree/master/yaShuttle/Source%20Code/XPL-TWS-1969-03	XPL Translator Writing System (TWS) software source code		Peter Flass et al.		This includes the source code of an XPL compiler (XCOM) and several associated XPL utilities, similar if not necessarily identical to that in the appendices of the book <i>A Compiler Generator</i>.  The version of XCOM used in the Space Shuttle development contains modifications missing from this version.				
12/08/2022	6/10/2005		Release 32V0	No Pass 2 through 4	United Space Alliance		OI-32, HAL/S	https://github.com/virtualagc/virtualagc/tree/master/yaShuttle/Source%20Code/HAL-S-FC-REL32V0	HAL/S-FC compiler source code, release 32V0 (partial)				The date was invented:  It's simply the last date in the change histories of the individual source-code files.				
12/08/2022	7/26/2007	JSC-18863/MSC			Lyndon B. Johnson Space Center		GNC	file:///home/rburkey/Desktop/sandroid.org/public_html/apollo/Shuttle/Space%20Shuttle%20GNC%20System%20Brief.pdf	Space Shuttle GNC System Brief								
12/8/2022	8/1/2008	USA007587/USA	Rev A		United Space Alliance		crew training, OI-32	file:///home/rburkey/Desktop/sandroid.org/public_html/apollo/Shuttle/Space%20Shuttle%20Crew%20Operations%20Manual%20OI-32.pdf	Shuttle Crew Operations Manual (SCOM, OI-32)								