P/N,Type,Value,Tolerance,Rating,Manufacturer,MFG P/N
1003084-011,K Core Assembly,,,,,
1006282-2,Relay,26 V,,,,
1006293,Transformer,1:2,,,,
1006304-002,Relay,,,,,
1006317-001,Transistor,,,,,
1006310,PNP Transistor,,,,,
1006319,Transformer,1:2,,,,
1006320-1,Core,,,,,
1006321,Dual Nor Gate,,,,"Fairchild, Philco",
1006323,NPN Transistor,,,,,
1006324,Variable Coil,9-13 µH,,,,
1006325,Reactor,,,,,
1006327,Inductor,25 µH,,6A,,
1006328,Inductor,80 µH,,7A,,
1006329,Diode,,,,,
1006330-001,Resistor,0.12 Ω,±1%,10W,,
1006363-001,NPN Transistor,,,,,
1006363-002,NPN Transistor,,,,,
1006394,Dual Expander,,,,,
1006700-1,Diode,47pF,±20%,4V,,
1006712-1,Thermistor,500 Ω,±2%,,,
1006712-2,Thermistor,1000 Ω,±2%,,,
1006712-3,Thermistor,5000 Ω,±2%,,,
1006714,Resistor,4k,±1%,1/4W,,
1006715-1,Thermistor,100 kΩ,±1%,,,
1006750-1,Resistor,51 Ω,±2%,1/4W,,
1006750-2,Resistor,56 Ω,±2%,1/4W,,
1006750-3,Resistor,62 Ω,±2%,1/4W,,
1006750-4,Resistor,68 Ω,±2%,1/4W,,
1006750-5,Resistor,75 Ω,±2%,1/4W,,
1006750-6,Resistor,82 Ω,±2%,1/4W,,
1006750-7,Resistor,91 Ω,±2%,1/4W,,
1006750-8,Resistor,100 Ω,±2%,1/4W,,
1006750-9,Resistor,110 Ω,±2%,1/4W,,
1006750-10,Resistor,120 Ω,±2%,1/4W,,
1006750-11,Resistor,130 Ω,±2%,1/4W,,
1006750-12,Resistor,150 Ω,±2%,1/4W,,
1006750-13,Resistor,160 Ω,±2%,1/4W,,
1006750-14,Resistor,180 Ω,±2%,1/4W,,
1006750-15,Resistor,200 Ω,±2%,1/4W,,
1006750-16,Resistor,220 Ω,±2%,1/4W,,
1006750-17,Resistor,240 Ω,±2%,1/4W,,
1006750-18,Resistor,270 Ω,±2%,1/4W,,
1006750-19,Resistor,300 Ω,±2%,1/4W,,
1006750-20,Resistor,330 Ω,±2%,1/4W,,
1006750-21,Resistor,360 Ω,±2%,1/4W,,
1006750-22,Resistor,390 Ω,±2%,1/4W,,
1006750-23,Resistor,430 Ω,±2%,1/4W,,
1006750-24,Resistor,470 Ω,±2%,1/4W,,
1006750-25,Resistor,510 Ω,±2%,1/4W,,
1006750-26,Resistor,560 Ω,±2%,1/4W,,
1006750-27,Resistor,620 Ω,±2%,1/4W,,
1006750-28,Resistor,680 Ω,±2%,1/4W,,
1006750-29,Resistor,750 Ω,±2%,1/4W,,
1006750-30,Resistor,820 Ω,±2%,1/4W,,
1006750-31,Resistor,910 Ω,±2%,1/4W,,
1006750-32,Resistor,1000 Ω,±2%,1/4W,,
1006750-33,Resistor,1100 Ω,±2%,1/4W,,
1006750-34,Resistor,1200 Ω,±2%,1/4W,,
1006750-35,Resistor,1300 Ω,±2%,1/4W,,
1006750-36,Resistor,1500 Ω,±2%,1/4W,,
1006750-37,Resistor,1600 Ω,±2%,1/4W,,
1006750-38,Resistor,1800 Ω,±2%,1/4W,,
1006750-39,Resistor,2000 Ω,±2%,1/4W,,
1006750-40,Resistor,2200 Ω,±2%,1/4W,,
1006750-41,Resistor,2400 Ω,±2%,1/4W,,
1006750-42,Resistor,2700 Ω,±2%,1/4W,,
1006750-43,Resistor,3000 Ω,±2%,1/4W,,
1006750-44,Resistor,3300 Ω,±2%,1/4W,,
1006750-45,Resistor,3600 Ω,±2%,1/4W,,
1006750-46,Resistor,3900 Ω,±2%,1/4W,,
1006750-47,Resistor,4300 Ω,±2%,1/4W,,
1006750-48,Resistor,4700 Ω,±2%,1/4W,,
1006750-49,Resistor,5100 Ω,±2%,1/4W,,
1006750-50,Resistor,5600 Ω,±2%,1/4W,,
1006750-51,Resistor,6200 Ω,±2%,1/4W,,
1006750-52,Resistor,6800 Ω,±2%,1/4W,,
1006750-53,Resistor,7500 Ω,±2%,1/4W,,
1006750-54,Resistor,8200 Ω,±2%,1/4W,,
1006750-55,Resistor,9100 Ω,±2%,1/4W,,
1006750-56,Resistor,10 kΩ,±2%,1/4W,,
1006750-57,Resistor,11 kΩ,±2%,1/4W,,
1006750-58,Resistor,12 kΩ,±2%,1/4W,,
1006750-59,Resistor,13 kΩ,±2%,1/4W,,
1006750-60,Resistor,15 kΩ,±2%,1/4W,,
1006750-61,Resistor,16 kΩ,±2%,1/4W,,
1006750-62,Resistor,18 kΩ,±2%,1/4W,,
1006750-63,Resistor,20 kΩ,±2%,1/4W,,
1006750-64,Resistor,22 kΩ,±2%,1/4W,,
1006750-65,Resistor,24 kΩ,±2%,1/4W,,
1006750-66,Resistor,27 kΩ,±2%,1/4W,,
1006750-67,Resistor,30 kΩ,±2%,1/4W,,
1006750-68,Resistor,33 kΩ,±2%,1/4W,,
1006750-69,Resistor,36 kΩ,±2%,1/4W,,
1006750-70,Resistor,39 kΩ,±2%,1/4W,,
1006750-71,Resistor,43 kΩ,±2%,1/4W,,
1006750-72,Resistor,47 kΩ,±2%,1/4W,,
1006750-73,Resistor,51 kΩ,±2%,1/4W,,
1006750-74,Resistor,56 kΩ,±2%,1/4W,,
1006750-75,Resistor,62 kΩ,±2%,1/4W,,
1006750-76,Resistor,68 kΩ,±2%,1/4W,,
1006750-77,Resistor,75 kΩ,±2%,1/4W,,
1006750-78,Resistor,82 kΩ,±2%,1/4W,,
1006750-79,Resistor,91 kΩ,±2%,1/4W,,
1006750-80,Resistor,100 kΩ,±2%,1/4W,,
1006750-81,Resistor,110 kΩ,±2%,1/4W,,
1006750-82,Resistor,120 kΩ,±2%,1/4W,,
1006750-83,Resistor,130 kΩ,±2%,1/4W,,
1006750-84,Resistor,150 kΩ,±2%,1/4W,,
1006750-109,Resistor,535 Ω,±2%,1/4W,,
1006750-110,Resistor,590 Ω,±2%,1/4W,,
1006750-111,Resistor,650 Ω,±2%,1/4W,,
1006750-112,Resistor,715 Ω,±2%,1/4W,,
1006750-113,Resistor,785 Ω,±2%,1/4W,,
1006750-114,Resistor,865 Ω,±2%,1/4W,,
1006750-115,Resistor,955 Ω,±2%,1/4W,,
1006750-116,Resistor,1.05 kΩ,±2%,1/4W,,
1006750-117,Resistor,1.15 kΩ,±2%,1/4W,,
1006750-118,Resistor,1.25 kΩ,±2%,1/4W,,
1006750-119,Resistor,1.4 kΩ,±2%,1/4W,,
1006750-120,Resistor,1.55 kΩ,±2%,1/4W,,
1006750-121,Resistor,1.7 kΩ,±2%,1/4W,,
1006750-122,Resistor,1.9 kΩ,±2%,1/4W,,
1006750-123,Resistor,2.1 kΩ,±2%,1/4W,,
1006750-124,Resistor,2.3 kΩ,±2%,1/4W,,
1006750-125,Resistor,2.55 kΩ,±2%,1/4W,,
1006750-126,Resistor,2.85 kΩ,±2%,1/4W,,
1006750-127,Resistor,3.15 kΩ,±2%,1/4W,,
1006750-128,Resistor,3.45 kΩ,±2%,1/4W,,
1006750-129,Resistor,3.75 kΩ,±2%,1/4W,,
1006750-130,Resistor,4.1 kΩ,±2%,1/4W,,
1006750-131,Resistor,4.5 kΩ,±2%,1/4W,,
1006750-132,Resistor,4.9 kΩ,±2%,1/4W,,
1006750-133,Resistor,5.35 kΩ,±2%,1/4W,,
1006750-134,Resistor,5.9 kΩ,±2%,1/4W,,
1006750-135,Resistor,6.5 kΩ,±2%,1/4W,,
1006750-136,Resistor,7.15 kΩ,±2%,1/4W,,
1006750-137,Resistor,7.85 kΩ,±2%,1/4W,,
1006750-138,Resistor,8.65 kΩ,±2%,1/4W,,
1006750-139,Resistor,9.55 kΩ,±2%,1/4W,,
1006750-140,Resistor,10.5 kΩ,±2%,1/4W,,
1006750-141,Resistor,11.5 kΩ,±2%,1/4W,,
1006750-142,Resistor,12.5 kΩ,±2%,1/4W,,
1006750-143,Resistor,14 kΩ,±2%,1/4W,,
1006750-144,Resistor,15.5 kΩ,±2%,1/4W,,
1006750-145,Resistor,17 kΩ,±2%,1/4W,,
1006750-146,Resistor,19 kΩ,±2%,1/4W,,
1006750-147,Resistor,21 kΩ,±2%,1/4W,,
1006750-148,Resistor,23 kΩ,±2%,1/4W,,
1006750-149,Resistor,25.5 kΩ,±2%,1/4W,,
1006750-150,Resistor,28.5 kΩ,±2%,1/4W,,
1006750-151,Resistor,31.5 kΩ,±2%,1/4W,,
1006750-152,Resistor,34.5 kΩ,±2%,1/4W,,
1006750-153,Resistor,37.5 kΩ,±2%,1/4W,,
1006750-154,Resistor,41 kΩ,±2%,1/4W,,
1006750-155,Resistor,45 kΩ,±2%,1/4W,,
1006750-156,Resistor,49 kΩ,±2%,1/4W,,
1006750-157,Resistor,53.5 kΩ,±2%,1/4W,,
1006750-158,Resistor,59 kΩ,±2%,1/4W,,
1006750-159,Resistor,65 kΩ,±2%,1/4W,,
1006750-160,Resistor,71.5 kΩ,±2%,1/4W,,
1006750-161,Resistor,78.5 kΩ,±2%,1/4W,,
1006750-162,Resistor,86.5 kΩ,±2%,1/4W,,
1006750-163,Resistor,95.5 kΩ,±2%,1/4W,,
1006750-164,Resistor,105 kΩ,±2%,1/4W,,
1006750-165,Resistor,115 kΩ,±2%,1/4W,,
1006750-166,Resistor,125 kΩ,±2%,1/4W,,
1006750-167,Resistor,140 kΩ,±2%,1/4W,,
1006751,Diode,,,,,
1006755-14,Capacitor,100 µF,±10%,10VDC,,
1006755-21,Capacitor,22 µF,±10%,15VDC,,
1006755-31,Capacitor,10 µF,±10%,20VDC,,
1006755-32,Capacitor,12 µF,±10%,20VDC,,
1006755-36,Capacitor,47 µF,±10%,20VDC,,
1006755-57,Capacitor,0.1 µF,±10%,35VDC,,
1006755-69,Capacitor,1.0 µF,±10%,35VDC,,
1006755-79,Capacitor,6.8 µF,±10%,35VDC,,
1006755-89,Capacitor,47 µF,±10%,35VDC,,
1006755-106,Capacitor,0.1 µF,±10%,50VDC,,
1006755-126,Capacitor,4.7 µF,±10%,50VDC,,
1006755-128,Capacitor,6.8 µF,±10%,50VDC,,
1006755-134,Capacitor,22 µF,±10%,50VDC,,
1006757-8,Resistor,0 Ω,±2%,1/4W,,
1006760-22,Resistor,390 Ω,±2%,1/2W,,
1006760-32,Resistor,1000 Ω,±2%,1/2W,,
1006777-1,Capacitor,10 pF,±10%,100VDC,,
1006777-15,Capacitor,150 pF,±10%,100VDC,,
1006777-18,Capacitor,330 pF,±10%,100VDC,,
1006777-20,Capacitor,470 pF,±10%,100VDC,,
1006777-22,Capacitor,680 pF,±10%,100VDC,,
1006777-23,Capacitor,820 pF,±10%,100VDC,,
1006777-24,Capacitor,1 nF,±10%,100VDC,,
1006777-25,Capacitor,2 nF,±10%,100VDC,,
1006777-28,Capacitor,4.7 nF,±10%,100VDC,,
1006777-31,Capacitor,10 nF,±10%,100VDC,,
1006777-32,Capacitor,20 nF,±10%,50VDC,,
1006788-2,Resistor,4.8 Ω,±1%,1/4W,,
1006788-4,Resistor,5.0 Ω,±1%,1/4W,,
1006788-6,Resistor,10 Ω,±1%,1/4W,,
1006788-7,Resistor,15 Ω,±1%,1/4W,,
1006788-8,Resistor,20 Ω,±1%,1/4W,,
1006788-9,Resistor,27 Ω,±1%,1/4W,,
1006788-10,Resistor,33 Ω,±1%,1/4W,,
1006788-11,Resistor,39 Ω,±1%,1/4W,,
1006788-15,Resistor,2.4 Ω,±1%,1/4W,,
1006788-16,Resistor,1.7 Ω,±1%,1/4W,,
1006788-17,Resistor,1.75 Ω,±1%,1/4W,,
1006788-18,Resistor,1.8 Ω,±1%,1/4W,,
1006788-19,Resistor,1.85 Ω,±1%,1/4W,,
1006788-20,Resistor,1.9 Ω,±1%,1/4W,,
1006788-21,Resistor,1.95 Ω,±1%,1/4W,,
1006788-22,Resistor,2.0 Ω,±1%,1/4W,,
1006788-23,Resistor,2.05 Ω,±1%,1/4W,,
1006788-24,Resistor,2.1 Ω,±1%,1/4W,,
1006788-25,Resistor,2.15 Ω,±1%,1/4W,,
1006788-26,Resistor,2.2 Ω,±1%,1/4W,,
1006788-27,Resistor,2.25 Ω,±1%,1/4W,,
1006788-28,Resistor,2.3 Ω,±1%,1/4W,,
1006788-29,Resistor,2.5 Ω,±1%,1/4W,,
1006788-30,Resistor,2.6 Ω,±1%,1/4W,,
1006788-31,Resistor,2.7 Ω,±1%,1/4W,,
1006788-32,Resistor,2.8 Ω,±1%,1/4W,,
1006788-33,Resistor,2.9 Ω,±1%,1/4W,,
1006788-34,Resistor,3.0 Ω,±1%,1/4W,,
1006788-35,Resistor,3.1 Ω,±1%,1/4W,,
1006788-36,Resistor,3.2 Ω,±1%,1/4W,,
1006788-37,Resistor,3.3 Ω,±1%,1/4W,,
1006788-38,Resistor,3.4 Ω,±1%,1/4W,,
1006788-39,Resistor,3.5 Ω,±1%,1/4W,,
1006788-40,Resistor,3.6 Ω,±1%,1/4W,,
1006788-41,Resistor,3.7 Ω,±1%,1/4W,,
1006788-42,Resistor,3.8 Ω,±1%,1/4W,,
1006788-43,Resistor,3.9 Ω,±1%,1/4W,,
1006788-44,Resistor,4.0 Ω,±1%,1/4W,,
1006788-45,Resistor,4.1 Ω,±1%,1/4W,,
1006788-46,Resistor,4.2 Ω,±1%,1/4W,,
1006788-47,Resistor,4.3 Ω,±1%,1/4W,,
1006788-48,Resistor,4.4 Ω,±1%,1/4W,,
1006788-49,Resistor,4.5 Ω,±1%,1/4W,,
1006788-50,Resistor,4.6 Ω,±1%,1/4W,,
1006788-51,Resistor,1.5 Ω,±1%,1/4W,,
1006788-52,Resistor,1.55 Ω,±1%,1/4W,,
1006788-53,Resistor,1.6 Ω,±1%,1/4W,,
1006788-54,Resistor,1.65 Ω,±1%,1/4W,,
1006788-55,Resistor,5.2 Ω,±1%,1/4W,,
1006788-56,Resistor,5.4 Ω,±1%,1/4W,,
1006788-57,Resistor,5.6 Ω,±1%,1/4W,,
1006788-58,Resistor,5.8 Ω,±1%,1/4W,,
1006788-59,Resistor,6.0 Ω,±1%,1/4W,,
1006788-60,Resistor,6.3 Ω,±1%,1/4W,,
1006788-61,Resistor,6.6 Ω,±1%,1/4W,,
1006788-62,Resistor,6.9 Ω,±1%,1/4W,,
1006788-63,Resistor,7.2 Ω,±1%,1/4W,,
1006788-64,Resistor,7.5 Ω,±1%,1/4W,,
1006788-65,Resistor,8.0 Ω,±1%,1/4W,,
1006788-66,Resistor,8.5 Ω,±1%,1/4W,,
1006788-67,Resistor,9.0 Ω,±1%,1/4W,,
1006788-68,Resistor,9.5 Ω,±1%,1/4W,,
1006788-69,Resistor,2.35 Ω,±1%,1/4W,,
1006788-70,Resistor,2.45 Ω,±1%,1/4W,,
1006788-71,Resistor,2.55 Ω,±1%,1/4W,,
1006788-72,Resistor,2.65 Ω,±1%,1/4W,,
1006788-73,Resistor,2.75 Ω,±1%,1/4W,,
1006788-118,Resistor,1.69 Ω,±0.5%,1/4W,,
1006788-119,Resistor,1.72 Ω,±0.5%,1/4W,,
1006788-120,Resistor,1.74 Ω,±0.5%,1/4W,,
1006788-121,Resistor,1.76 Ω,±0.5%,1/4W,,
1006788-122,Resistor,1.78 Ω,±0.5%,1/4W,,
1006788-123,Resistor,1.80 Ω,±0.5%,1/4W,,
1006788-124,Resistor,1.82 Ω,±0.5%,1/4W,,
1006788-125,Resistor,1.84 Ω,±0.5%,1/4W,,
1006788-126,Resistor,1.87 Ω,±0.5%,1/4W,,
1006788-127,Resistor,1.89 Ω,±0.5%,1/4W,,
1006788-128,Resistor,1.91 Ω,±0.5%,1/4W,,
1006788-129,Resistor,1.93 Ω,±0.5%,1/4W,,
1006788-130,Resistor,1.96 Ω,±0.5%,1/4W,,
1006788-131,Resistor,1.98 Ω,±0.5%,1/4W,,
1006788-132,Resistor,2.00 Ω,±0.5%,1/4W,,
1006788-133,Resistor,2.03 Ω,±0.5%,1/4W,,
1006788-134,Resistor,2.05 Ω,±0.5%,1/4W,,
1006788-135,Resistor,2.08 Ω,±0.5%,1/4W,,
1006788-136,Resistor,2.10 Ω,±0.5%,1/4W,,
1006788-137,Resistor,2.13 Ω,±0.5%,1/4W,,
1006788-138,Resistor,2.15 Ω,±0.5%,1/4W,,
1006788-139,Resistor,2.18 Ω,±0.5%,1/4W,,
1006788-140,Resistor,2.21 Ω,±0.5%,1/4W,,
1006788-141,Resistor,2.23 Ω,±0.5%,1/4W,,
1006788-142,Resistor,2.26 Ω,±0.5%,1/4W,,
1006788-143,Resistor,2.29 Ω,±0.5%,1/4W,,
1006788-144,Resistor,2.32 Ω,±0.5%,1/4W,,
1006788-205,Resistor,4.81 Ω,±0.5%,1/4W,,
1006788-206,Resistor,4.87 Ω,±0.5%,1/4W,,
1006788-207,Resistor,4.93 Ω,±0.5%,1/4W,,
1006788-208,Resistor,4.99 Ω,±0.5%,1/4W,,
1006788-209,Resistor,5.05 Ω,±0.5%,1/4W,,
1006788-210,Resistor,5.11 Ω,±0.5%,1/4W,,
1006788-211,Resistor,5.17 Ω,±0.5%,1/4W,,
1006788-212,Resistor,5.23 Ω,±0.5%,1/4W,,
1006788-213,Resistor,5.30 Ω,±0.5%,1/4W,,
1006788-214,Resistor,5.36 Ω,±0.5%,1/4W,,
1006788-215,Resistor,5.42 Ω,±0.5%,1/4W,,
1006788-216,Resistor,5.49 Ω,±0.5%,1/4W,,
1006788-217,Resistor,5.56 Ω,±0.5%,1/4W,,
1006788-218,Resistor,5.62 Ω,±0.5%,1/4W,,
1006788-219,Resistor,5.69 Ω,±0.5%,1/4W,,
1006788-220,Resistor,5.76 Ω,±0.5%,1/4W,,
1006788-221,Resistor,5.83 Ω,±0.5%,1/4W,,
1006788-222,Resistor,5.90 Ω,±0.5%,1/4W,,
1006788-223,Resistor,5.97 Ω,±0.5%,1/4W,,
1006788-224,Resistor,6.04 Ω,±0.5%,1/4W,,
1006788-225,Resistor,6.12 Ω,±0.5%,1/4W,,
1006788-226,Resistor,6.19 Ω,±0.5%,1/4W,,
1006788-227,Resistor,6.26 Ω,±0.5%,1/4W,,
1006788-228,Resistor,6.34 Ω,±0.5%,1/4W,,
1006788-229,Resistor,6.42 Ω,±0.5%,1/4W,,
1006788-230,Resistor,6.49 Ω,±0.5%,1/4W,,
1006788-231,Resistor,6.57 Ω,±0.5%,1/4W,,
1006788-232,Resistor,6.65 Ω,±0.5%,1/4W,,
1006788-233,Resistor,6.73 Ω,±0.5%,1/4W,,
1006788-234,Resistor,6.81 Ω,±0.5%,1/4W,,
1006788-235,Resistor,6.90 Ω,±0.5%,1/4W,,
1006788-236,Resistor,6.98 Ω,±0.5%,1/4W,,
1006788-237,Resistor,7.06 Ω,±0.5%,1/4W,,
1006788-238,Resistor,7.15 Ω,±0.5%,1/4W,,
1006788-239,Resistor,7.23 Ω,±0.5%,1/4W,,
1006788-240,Resistor,7.32 Ω,±0.5%,1/4W,,
1006788-241,Resistor,7.41 Ω,±0.5%,1/4W,,
1006788-242,Resistor,7.50 Ω,±0.5%,1/4W,,
1006788-243,Resistor,7.59 Ω,±0.5%,1/4W,,
1006788-244,Resistor,7.68 Ω,±0.5%,1/4W,,
1006788-245,Resistor,7.77 Ω,±0.5%,1/4W,,
1006788-246,Resistor,7.87 Ω,±0.5%,1/4W,,
1006788-247,Resistor,7.96 Ω,±0.5%,1/4W,,
1006788-248,Resistor,8.06 Ω,±0.5%,1/4W,,
1006788-249,Resistor,8.16 Ω,±0.5%,1/4W,,
1006788-250,Resistor,8.25 Ω,±0.5%,1/4W,,
1006788-251,Resistor,8.35 Ω,±0.5%,1/4W,,
1006788-252,Resistor,8.45 Ω,±0.5%,1/4W,,
1006788-253,Resistor,8.56 Ω,±0.5%,1/4W,,
1006788-254,Resistor,8.66 Ω,±0.5%,1/4W,,
1006788-255,Resistor,8.76 Ω,±0.5%,1/4W,,
1006788-256,Resistor,8.87 Ω,±0.5%,1/4W,,
1006788-257,Resistor,8.98 Ω,±0.5%,1/4W,,
1006788-258,Resistor,9.09 Ω,±0.5%,1/4W,,
1006788-259,Resistor,9.20 Ω,±0.5%,1/4W,,
1006788-260,Resistor,9.31 Ω,±0.5%,1/4W,,
1006788-261,Resistor,9.42 Ω,±0.5%,1/4W,,
1006788-262,Resistor,9.53 Ω,±0.5%,1/4W,,
1006788-264,Resistor,9.76 Ω,±0.5%,1/4W,,
1006788-265,Resistor,9.88 Ω,±0.5%,1/4W,,
1006788-266,Resistor,10.0 Ω,±0.5%,1/4W,,
1006788-267,Resistor,10.1 Ω,±0.5%,1/4W,,
1006788-268,Resistor,10.2 Ω,±0.5%,1/4W,,
1006788-269,Resistor,10.4 Ω,±0.5%,1/4W,,
1006788-270,Resistor,10.5 Ω,±0.5%,1/4W,,
1006788-271,Resistor,10.6 Ω,±0.5%,1/4W,,
1006788-272,Resistor,10.7 Ω,±0.5%,1/4W,,
1006788-273,Resistor,10.9 Ω,±0.5%,1/4W,,
1006788-274,Resistor,11.0 Ω,±0.5%,1/4W,,
1006788-275,Resistor,11.1 Ω,±0.5%,1/4W,,
1006788-276,Resistor,11.3 Ω,±0.5%,1/4W,,
1006788-277,Resistor,11.4 Ω,±0.5%,1/4W,,
1006788-278,Resistor,11.5 Ω,±0.5%,1/4W,,
1006788-279,Resistor,11.7 Ω,±0.5%,1/4W,,
1006793-18,Capacitor,3.0 nF,±2%,500VDC,,
1006793-19,Capacitor,3.3 nF,±2%,500VDC,,
1006793-20,Capacitor,3.6 nF,±2%,500VDC,,
1006793-21,Capacitor,3.9 nF,±2%,500VDC,,
1006793-22,Capacitor,4.3 nF,±2%,500VDC,,
1006793-23,Capacitor,4.7 nF,±2%,500VDC,,
1006793-24,Capacitor,5.1 nF,±2%,500VDC,,
1006793-30,Capacitor,5.6 nF,±2%,500VDC,,
1006793-37,Capacitor,10 pF,±0.25%,500VDC,,
1006793-38,Capacitor,11 pF,±0.25%,500VDC,,
1006793-39,Capacitor,12 pF,±0.25%,500VDC,,
1006793-40,Capacitor,13 pF,±2%,500VDC,,
1006793-41,Capacitor,15 pF,±2%,500VDC,,
1006793-42,Capacitor,16 pF,±2%,500VDC,,
1006793-43,Capacitor,18 pF,±2%,500VDC,,
1006793-44,Capacitor,20 pF,±2%,500VDC,,
1006793-45,Capacitor,22 pF,±2%,500VDC,,
1006793-46,Capacitor,24 pF,±2%,500VDC,,
1006793-47,Capacitor,27 pF,±2%,500VDC,,
1006793-48,Capacitor,30 pF,±2%,500VDC,,
1006793-49,Capacitor,33 pF,±2%,500VDC,,
1006793-50,Capacitor,36 pF,±2%,500VDC,,
1006793-51,Capacitor,39 pF,±2%,500VDC,,
1006793-52,Capacitor,43 pF,±2%,500VDC,,
1006793-53,Capacitor,47 pF,±2%,500VDC,,
1006793-54,Capacitor,51 pF,±2%,500VDC,,
1006793-55,Capacitor,56 pF,±2%,500VDC,,
1006793-56,Capacitor,62 pF,±2%,500VDC,,
1006793-57,Capacitor,68 pF,±2%,500VDC,,
1006793-58,Capacitor,75 pF,±2%,500VDC,,
1006793-59,Capacitor,82 pF,±2%,500VDC,,
1006793-60,Capacitor,91 pF,±2%,500VDC,,
1006793-61,Capacitor,100 pF,±2%,500VDC,,
1006793-83,Capacitor,680 pF,±2%,300VDC,,
1006793-87,Capacitor,1.0 nF,±2%,300VDC,,
1006793-89,Capacitor,1.2 nF,±2%,300VDC,,
1006793-91,Capacitor,0.5 nF,±0.25%,300VDC,,
1006793-92,Capacitor,1.5 nF,±0.25%,300VDC,,
1006793-93,Capacitor,2.2 nF,±0.25%,300VDC,,
1006793-94,Capacitor,3.0 nF,±0.25%,300VDC,,
1006793-95,Capacitor,3.9 nF,±0.25%,300VDC,,
1006793-96,Capacitor,4.7 nF,±0.25%,300VDC,,
1006793-97,Capacitor,5.6 nF,±0.25%,300VDC,,
1006793-98,Capacitor,6.8 nF,±0.25%,300VDC,,
1006793-99,Capacitor,7.5 nF,±0.25%,300VDC,,
1006793-100,Capacitor,8.2 nF,±0.25%,300VDC,,
1006793-101,Capacitor,9.1 nF,±0.25%,300VDC,,
1006838,Zener,6.2 V,,,,
1006847,Crystal,2.048MHz,,,,
1010269-3,NPN Transistor,,,,Texas Instruments,
1010291-4,Transformer,,,,,
1010364-611,Resistor,75 kΩ,±1%,1/8W,,
1010364-621,Resistor,84.4 kΩ,±1%,1/8W,,
1010364-629,Resistor,93.1 kΩ,±1%,1/8W,,
1010364-635,Resistor,100 kΩ,±1%,1/8W,,
1010364-643,Resistor,110 kΩ,±1%,1/8W,,
1010364-651,Resistor,121 kΩ,±1%,1/8W,,
1010364-657,Resistor,130 kΩ,±1%,1/8W,,
1010364-669,Resistor,150 kΩ,±1%,1/8W,,
1010364-675,Resistor,162 kΩ,±1%,1/8W,,
1010364-685,Resistor,182 kΩ,±1%,1/8W,,
1010364-693,Resistor,200 kΩ,±1%,1/8W,,
1010364-701,Resistor,221 kΩ,±1%,1/8W,,
1010364-709,Resistor,243 kΩ,±1%,1/8W,,
1010364-719,Resistor,274 kΩ,±1%,1/8W,,
1010376-1,Dual NPN Transistor,,,,Fairchild,2N2060
1010376-3,Dual NPN Transistor,,,,,
1010377-50,Resistor,20 kΩ,±1%,1/10W,,
1010377-51,Resistor,5000 Ω,±1%,1/10W,,
1010377-227,Resistor,900 Ω,±0.1%,1/10W,,
1010389-23,Resistor,43 Ω,±1%,3W,,
1010389-51,Resistor,620 Ω,±1%,3W,,
1010389-113,Resistor,3 Ω,±1%,3W,,
1010406-6,Inductor,100 µH,±10%,,,
1010406-7,Inductor,8.2 µH,±10%,,,
1010406-8,Inductor,1.0 µH,±10%,,,
1010406-10,Inductor,2.2 µH,±10%,,,
1010406-11,Inductor,3.9 µH,±10%,,,
1010406-12,Inductor,22 µH,±10%,,,
1010406-17,Inductor,0.33 µH,±10%,,,
1010406-19,Inductor,0.68 µH,±10%,,,
1010604-50,Resistor,1500 Ω,±1%,1W,,
1010733-121,Resistor,511 Ω,±0.1%,0.1W,,
1010733-125,Resistor,536 Ω,±0.1%,0.1W,,
1010733-128,Resistor,556 Ω,±0.1%,0.1W,,
1010733-133,Resistor,590 Ω,±0.1%,0.1W,,
1010733-136,Resistor,612 Ω,±0.1%,0.1W,,
1010733-141,Resistor,649 Ω,±0.1%,0.1W,,
1010733-144,Resistor,673 Ω,±0.1%,0.1W,,
1010733-149,Resistor,715 Ω,±0.1%,0.1W,,
1010733-153,Resistor,750 Ω,±0.1%,0.1W,,
1010733-156,Resistor,777 Ω,±0.1%,0.1W,,
1010733-160,Resistor,816 Ω,±0.1%,0.1W,,
1010733-165,Resistor,866 Ω,±0.1%,0.1W,,
1010733-169,Resistor,909 Ω,±0.1%,0.1W,,
1010733-173,Resistor,953 Ω,±0.1%,0.1W,,
1010733-176,Resistor,988 Ω,±0.1%,0.1W,,
1010733-178,Resistor,1010 Ω,±0.1%,0.1W,,
1010733-181,Resistor,1050 Ω,±0.1%,0.1W,,
1010733-185,Resistor,1100 Ω,±0.1%,0.1W,,
1010733-189,Resistor,1150 Ω,±0.1%,0.1W,,
1010733-192,Resistor,1200 Ω,±0.1%,0.1W,,
1010733-195,Resistor,1240 Ω,±0.1%,0.1W,,
1010733-199,Resistor,1300 Ω,±0.1%,0.1W,,
1010733-204,Resistor,1380 Ω,±0.1%,0.1W,,
1010733-209,Resistor,1470 Ω,±0.1%,0.1W,,
1010733-213,Resistor,1540 Ω,±0.1%,0.1W,,
1010733-216,Resistor,1600 Ω,±0.1%,0.1W,,
1010733-221,Resistor,1690 Ω,±0.1%,0.1W,,
1010733-225,Resistor,1780 Ω,±0.1%,0.1W,,
1010733-230,Resistor,1890 Ω,±0.1%,0.1W,,
1010733-234,Resistor,1980 Ω,±0.1%,0.1W,,
1010733-239,Resistor,2100 Ω,±0.1%,0.1W,,
1010733-243,Resistor,2210 Ω,±0.1%,0.1W,,
1010733-246,Resistor,2290 Ω,±0.1%,0.1W,,
1010733-250,Resistor,2400 Ω,±0.1%,0.1W,,
1010733-254,Resistor,2520 Ω,±0.1%,0.1W,,
1010733-259,Resistor,2670 Ω,±0.1%,0.1W,,
1010733-264,Resistor,2840 Ω,±0.1%,0.1W,,
1010733-269,Resistor,3010 Ω,±0.1%,0.1W,,
1010733-273,Resistor,3160 Ω,±0.1%,0.1W,,
1010733-277,Resistor,3320 Ω,±0.1%,0.1W,,
1010733-280,Resistor,3440 Ω,±0.1%,0.1W,,
1010733-284,Resistor,3610 Ω,±0.1%,0.1W,,
1010733-287,Resistor,3740 Ω,±0.1%,0.1W,,
1010733-291,Resistor,3920 Ω,±0.1%,0.1W,,
1010733-295,Resistor,4120 Ω,±0.1%,0.1W,,
1010733-298,Resistor,4270 Ω,±0.1%,0.1W,,
1010733-302,Resistor,4480 Ω,±0.1%,0.1W,,
1010733-305,Resistor,4640 Ω,±0.1%,0.1W,,
1010733-308,Resistor,4810 Ω,±0.1%,0.1W,,
1010733-310,Resistor,4930 Ω,±0.1%,0.1W,,
1010733-313,Resistor,5110 Ω,±0.1%,0.1W,,
1010733-317,Resistor,5360 Ω,±0.1%,0.1W,,
1010733-320,Resistor,5560 Ω,±0.1%,0.1W,,
1010733-323,Resistor,5760 Ω,±0.1%,0.1W,,
1010733-325,Resistor,5900 Ω,±0.1%,0.1W,,
1010733-328,Resistor,6120 Ω,±0.1%,0.1W,,
1010733-330,Resistor,6260 Ω,±0.1%,0.1W,,
1010733-333,Resistor,6490 Ω,±0.1%,0.1W,,
1010733-336,Resistor,6730 Ω,±0.1%,0.1W,,
1010733-341,Resistor,7150 Ω,±0.1%,0.1W,,
1010733-345,Resistor,7500 Ω,±0.1%,0.1W,,
1010733-348,Resistor,7770 Ω,±0.1%,0.1W,,
1010733-352,Resistor,8160 Ω,±0.1%,0.1W,,
1010733-355,Resistor,8450 Ω,±0.1%,0.1W,,
1010733-357,Resistor,8660 Ω,±0.1%,0.1W,,
1010733-361,Resistor,9090 Ω,±0.1%,0.1W,,
1010733-365,Resistor,9530 Ω,±0.1%,0.1W,,
1010733-368,Resistor,9880 Ω,±0.1%,0.1W,,
1010733-370,Resistor,10100 Ω,±0.1%,0.1W,,
1010733-373,Resistor,10500 Ω,±0.1%,0.1W,,
1010733-377,Resistor,11000 Ω,±0.1%,0.1W,,
1010733-381,Resistor,11500 Ω,±0.1%,0.1W,,
1010733-384,Resistor,12000 Ω,±0.1%,0.1W,,
1010733-387,Resistor,12400 Ω,±0.1%,0.1W,,
1010733-391,Resistor,13000 Ω,±0.1%,0.1W,,
1010733-396,Resistor,13800 Ω,±0.1%,0.1W,,
1010733-401,Resistor,14700 Ω,±0.1%,0.1W,,
1010733-405,Resistor,15400 Ω,±0.1%,0.1W,,
1010733-408,Resistor,16000 Ω,±0.1%,0.1W,,
1010733-413,Resistor,16900 Ω,±0.1%,0.1W,,
1010733-417,Resistor,17800 Ω,±0.1%,0.1W,,
1010733-420,Resistor,18400 Ω,±0.1%,0.1W,,
1010733-422,Resistor,18900 Ω,±0.1%,0.1W,,
1010733-426,Resistor,19800 Ω,±0.1%,0.1W,,
1010733-428,Resistor,20300 Ω,±0.1%,0.1W,,
1010733-431,Resistor,21000 Ω,±0.1%,0.1W,,
1010733-435,Resistor,22100 Ω,±0.1%,0.1W,,
1010733-438,Resistor,22900 Ω,±0.1%,0.1W,,
1010733-442,Resistor,24000 Ω,±0.1%,0.1W,,
1010733-446,Resistor,25200 Ω,±0.1%,0.1W,,
1010733-451,Resistor,26700 Ω,±0.1%,0.1W,,
1010733-456,Resistor,28400 Ω,±0.1%,0.1W,,
1010733-461,Resistor,30100 Ω,±0.1%,0.1W,,
1010733-465,Resistor,31600 Ω,±0.1%,0.1W,,
1010733-469,Resistor,33200 Ω,±0.1%,0.1W,,
1010733-472,Resistor,34400 Ω,±0.1%,0.1W,,
1010733-476,Resistor,36100 Ω,±0.1%,0.1W,,
1010733-479,Resistor,37400 Ω,±0.1%,0.1W,,
1010733-483,Resistor,39200 Ω,±0.1%,0.1W,,
1010733-487,Resistor,41200 Ω,±0.1%,0.1W,,
1010733-490,Resistor,42700 Ω,±0.1%,0.1W,,
1010733-494,Resistor,44800 Ω,±0.1%,0.1W,,
1010733-497,Resistor,46400 Ω,±0.1%,0.1W,,
1010733-499,Resistor,47500 Ω,±0.1%,0.1W,,
1010733-501,Resistor,48700 Ω,±0.1%,0.1W,,
1010733-503,Resistor,49900 Ω,±0.1%,0.1W,,
1010733-505,Resistor,51100 Ω,±0.1%,0.1W,,
1010733-507,Resistor,52300 Ω,±0.1%,0.1W,,
1010733-509,Resistor,53600 Ω,±0.1%,0.1W,,
1010733-512,Resistor,55600 Ω,±0.1%,0.1W,,
1010733-515,Resistor,57600 Ω,±0.1%,0.1W,,
1010733-517,Resistor,59000 Ω,±0.1%,0.1W,,
1010733-520,Resistor,61200 Ω,±0.1%,0.1W,,
1010733-522,Resistor,62600 Ω,±0.1%,0.1W,,
1010733-525,Resistor,64900 Ω,±0.1%,0.1W,,
1010733-528,Resistor,67300 Ω,±0.1%,0.1W,,
1010733-530,Resistor,69000 Ω,±0.1%,0.1W,,
1010733-533,Resistor,71500 Ω,±0.1%,0.1W,,
1010733-535,Resistor,73200 Ω,±0.1%,0.1W,,
1010733-537,Resistor,75000 Ω,±0.1%,0.1W,,
1010733-540,Resistor,77700 Ω,±0.1%,0.1W,,
1010733-542,Resistor,79600 Ω,±0.1%,0.1W,,
1010733-544,Resistor,81600 Ω,±0.1%,0.1W,,
1010733-546,Resistor,83500 Ω,±0.1%,0.1W,,
1010733-549,Resistor,86600 Ω,±0.1%,0.1W,,
1010733-551,Resistor,88700 Ω,±0.1%,0.1W,,
1010733-553,Resistor,90900 Ω,±0.1%,0.1W,,
1010733-555,Resistor,93100 Ω,±0.1%,0.1W,,
1010733-557,Resistor,95300 Ω,±0.1%,0.1W,,
1010733-560,Resistor,98800 Ω,±0.1%,0.1W,,
1010733-562,Resistor,101000 Ω,±0.1%,0.1W,,
1010733-565,Resistor,105000 Ω,±0.1%,0.1W,,
1010733-569,Resistor,110000 Ω,±0.1%,0.1W,,
1010733-573,Resistor,115000 Ω,±0.1%,0.1W,,
1010733-576,Resistor,120000 Ω,±0.1%,0.1W,,
1010733-579,Resistor,124000 Ω,±0.1%,0.1W,,
1010733-583,Resistor,130000 Ω,±0.1%,0.1W,,
1010733-588,Resistor,138000 Ω,±0.1%,0.1W,,
1010733-593,Resistor,147000 Ω,±0.1%,0.1W,,
1010733-597,Resistor,154000 Ω,±0.1%,0.1W,,
1010733-600,Resistor,160000 Ω,±0.1%,0.1W,,
1010768-29,Resistor,1 MΩ,±1%,1/8W,,
1010784-9,Relay,26 V,,,,
2004003-001,Sense Amplifier,,,,,
2004004-001,NPN Transistor,,,,,
2004004-002,PNP Transistor,,,,,
2004004-003,NPN Transistor,,,,,
2004004-004,PNP Transistor,,,,,
2004004-005,NPN Transistor,,,,,
2004103-001,Diode,,,500mW,,
2004112-001,Zener,9.2 V,,,,
2004112-002,Zener,6.2 V,,,,
2004183-001,Diode,,,,,
2004184-001,NPN Transistor,,,,,
2004897,Diode,,,,,
2005007,Erasable Mem. Core Stack,,,,,