FIND	0	DRAWING	TITLE
53	1	1015016-053	FACE – PAD
52	2	-052	FACE – PAD
51	2	-051	INSERT CORE PAD
50	2	-050	INSERT CORE PAD
49	1	-049	INSERT CORE PAD
48	1	-048	INSERT – CORE, PANEL
47	1	-047	FACE – PAD
46	1	-046	CORE – HONEYCOMB, PAD
45	19	1000115-3	INSERT – THREADED, SELF-LOCKING
44	22	-002	INSERT – THREADED, SELF-LOCKING
43	4	1015016-043	INSERT – CORE, PAD
42	1	-042	INSERT – CORE, PANEL
41	11	-041	INSERT – CORE, PANEL
40	16	-040	INSERT – CORE, PANEL
39	11	-039	INSERT – CORE, PANEL
38	1	-038	INSERT – CORE, PANEL
37	1	-037	RING
36	1	-036	FACE – PAD
35	2	-035	FACE – PAD
34	1	-034	FACE – PAD
33	1	-033	FACE – PAD
32	1	-032	FACE – PAD
31			
30	1	-030	FACE – PAD
29	2	-029	FACE – PAD
28	1	-028	FACE – PAD
27	1	-027	FACE – PAD
26	1	-026	FACE – PAD
25	2	-025	FACE – PAD
24	1	-024	FACE – PAD
23	1	-023	FACE – PAD
22	1	-022	FACE – PAD
21	1	-021	FACE – PAD
20	1	-020	FACE – PAD
19	1	-019	FACE – PAD
18	2	-018	FACE – PANEL
17	1	-017	CORE – HONEYCOMB, PAD
16	2	-016	CORE – HONEYCOMB, PAD
15	1	-015	CORE – HONEYCOMB, PAD
14	1	-014	CORE – HONEYCOMB, PAD
13	1	-013	CORE – HONEYCOMB, PAD
12	1	-012	CORE – HONEYCOMB, PAD
11	1	-011	CORE – HONEYCOMB, PAD
10	1	-010	CORE – HONEYCOMB, PAD
9			
8	1	-008	CORE – HONEYCOMB, PAD
7	2	-007	CORE – HONEYCOMB, PAD
6	1	-006	CORE – HONEYCOMB, PAD
5	1	-005	CORE – HONEYCOMB, PAD
4	1	-004	CORE – HONEYCOMB, PAD
3	1	-003	CORE – HONEYCOMB, PAD
2	1	-002	CORE – HONEYCOMB, PAD
1	1	-001	CORE – HONEYCOMB, PANEL
			
			PROOFED
