FIND	QTY	TITLE	-191	-181	-171	-161	-151	-141	-131	-121	-111	-101	-91	-81	-71	-61	-51	-41	-31	-21	-11
14	1	PANEL, INDICATOR – APOLLO 13 NOUN LIST											2898996								
13	1	MARKER, IDENTIFICATION – ALARM CODES										289902	2898994								
12	1	PANEL, INDICATOR ALIGNMENT PROCEDURES												2898972	2898968						
11	1	MARKER, IDENTIFICATION – ALARM & CHECKLIST CODES												2898980	2898966	2021498					
10	2	RETAINER, LAMP										2021484	2021484	2021484	2021484	2021484		2021484			
9	1	PANEL, BLANK	SEE NOTE 3	SEE NOTE 3	SEE NOTE 3	SEE NOTE 3	SEE NOTE 3	SEE NOTE 3	SEE NOTE 3	SEE NOTE 3	SEE NOTE 3	SEE NOTE 3	SEE NOTE 3	SEE NOTE 3	SEE NOTE 3	SEE NOTE 3	SEE NOTE 3	2021485			
8	1	PANEL, INDICATOR – VERB/NOUN LIST										2899004		2898967		2021499		2021486			
7	1	PANEL, INDICATOR – NORTHERN STAR CHART														2021487		2021487			
6	1	PANEL, INDICATOR – SOUTHERN STAR CHART														2021488		2021488			
5	1	FRAME ASSY, INDICATOR PANEL										2021479-011	2021479-011	2021479-011	2021479-011	2021479-011		2021479-011			
4	1	DECAL – OPTION, ALARM & CHECKLIST CODES																2021495	2021472		2021465
3	1	PANEL, LAMP RETAINER – STAR LIST										2899003	2898995	2898971	2021473	2021473		2021473	2021473		2021466
2	1	PANEL, LAMP RETAINER – VERB & NOUN LIST																	2021474		2021467
1	1	COMPUTER PROGRAM ASSEMBLY										2002113-091	2021113-081	2002113-061	2002113-051	2021113-041		2021111-041	2021111-031		2021108-021
